player,position,team,week,season,receiver_id,xFP,actual_FP,target,air_yards,rz_target,receptions,receiving_yards,receiving_touchdowns,carries,rush_yards,rush_touchdowns,goal_line_carry,adot,catch_rate,ypt,fp_diff,games
James Conner,RB,ARI,1,2025,James Conner-ARI,16.86949920654297,14.399999618530273,4,-15,NA,NA,NA,NA,12,39,0,1,NA,NA,NA,-2.4694995880126953,1
Trey McBride,TE,ARI,1,2025,00-0037744,14.0985,12.09999942779541,9,35,1,6,61,0,0,0,0,0,3.8888888359069824,0.6666666865348816,6.777777671813965,-1.9985005722045894,1
Marvin Harrison Jr.,WR,ARI,1,2025,00-0039849,13.217,18.100000381469727,6,76,1,5,71,1,0,0,0,0,12.666666984558105,0.8333333134651184,11.833333015441895,4.883000381469726,1
Michael Wilson,WR,ARI,1,2025,00-0038559,8.117,1.5,4,62,0,1,5,0,0,0,0,0,15.5,0.25,1.25,-6.617000000000001,1
Trey Benson,RB,ARI,1,2025,Trey Benson-ARI,6.554000377655029,8.500000953674316,1,-2,NA,NA,NA,NA,8,69,0,1,NA,NA,NA,1.946000576019287,1
Elijah Higgins,TE,ARI,1,2025,00-0039041,2.981,1.2999999523162842,2,5,1,1,3,0,0,0,0,0,2.5,0.5,1.5,-1.6810000476837157,1
Tip Reiman,TE,ARI,1,2025,00-0039737,1.54,2,1,5,0,1,10,0,0,0,0,0,5,1,10,0.45999999999999996,1
Greg Dortch,WR,ARI,1,2025,00-0035500,1.44,0.800000011920929,1,-2,0,1,-2,0,0,0,0,0,-2,1,-2,-0.639999988079071,1
Zay Jones,WR,ARI,1,2025,00-0033891,1.326,1.399999976158142,1,2,0,1,4,0,0,0,0,0,2,1,4,0.07399997615814202,1
Trey Benson,RB,ARI,2,2025,Trey Benson-ARI,11.316999435424805,8.399999618530273,6,2,NA,NA,NA,NA,3,14,0,0,NA,NA,NA,-2.9169998168945312,1
Trey McBride,TE,ARI,2,2025,00-0037744,11.0845,13.80000114440918,7,62,0,6,78,0,0,0,0,0,8.857142448425293,0.8571428656578064,11.142857551574707,2.7155011444091794,1
James Conner,RB,ARI,2,2025,James Conner-ARI,9.800999641418457,12.199999809265137,1,0,NA,NA,NA,NA,11,34,1,2,NA,NA,NA,2.3990001678466797,1
Marvin Harrison Jr.,WR,ARI,2,2025,00-0039849,9.6685,4.699999809265137,5,27,2,2,27,0,0,0,0,0,5.400000095367432,0.4000000059604645,5.400000095367432,-4.968500190734863,1
Elijah Higgins,TE,ARI,2,2025,00-0039041,6.8535004,6.5,3,15,1,2,45,0,0,0,0,0,5,0.6666666865348816,15,-0.3535003999999997,1
Michael Wilson,WR,ARI,2,2025,00-0038559,4.556,8.100000381469727,2,43,1,1,11,1,0,0,0,0,21.5,0.5,5.5,3.5440003814697265,1
Greg Dortch,WR,ARI,2,2025,00-0035500,1.629,2.0999999046325684,1,11,0,1,11,0,0,0,0,0,11,1,11,0.47099990463256836,1
Drake London,WR,ATL,1,2025,00-0037238,25.3725,13.5,15,99,2,8,55,0,0,0,0,0,6.599999904632568,0.5333333611488342,3.6666667461395264,-11.872499999999999,1
Bijan Robinson,RB,ATL,1,2025,Bijan Robinson-ATL,19.862499237060547,24.399999618530273,7,-9,NA,NA,NA,NA,12,24,0,2,NA,NA,NA,4.537500381469727,1
Kyle Pitts,TE,ATL,1,2025,00-0036970,12.1705,12.90000057220459,8,37,0,7,59,0,0,0,0,0,4.625,0.875,7.375,0.7295005722045893,1
Casey Washington,WR,ATL,1,2025,00-0039394,10.9715,6.300000190734863,6,99,0,3,33,0,0,0,0,0,16.5,0.5,5.5,-4.671499809265137,1
Ray-Ray McCloud,WR,ATL,1,2025,00-0034407,7.6405,8.100000381469727,5,36,0,3,51,0,0,0,0,0,7.199999809265137,0.6000000238418579,10.199999809265137,0.45950038146972627,1
Tyler Allgeier,RB,ATL,1,2025,Tyler Allgeier-ATL,6.9045000076293945,2.4000000953674316,0,0,NA,NA,NA,NA,10,24,0,2,NA,NA,NA,-4.504499912261963,1
KhaDarel Hodge,WR,ATL,1,2025,00-0034854,2.802,0,1,26,0,0,0,0,0,0,0,0,26,0,0,-2.802,1
Bijan Robinson,RB,ATL,2,2025,Bijan Robinson-ATL,18.784000396728516,19.799999237060547,5,7,NA,NA,NA,NA,22,143,0,0,NA,NA,NA,1.0159988403320312,1
Tyler Allgeier,RB,ATL,2,2025,Tyler Allgeier-ATL,11.125,15,1,3,NA,NA,NA,NA,16,76,1,2,NA,NA,NA,3.875,1
Darnell Mooney,WR,ATL,2,2025,00-0036309,8.087,4,4,40,2,2,20,0,0,0,0,0,10,0.5,5,-4.087,1
Kyle Pitts,TE,ATL,2,2025,00-0036970,7.6535,7.699999809265137,5,29,0,4,37,0,0,0,0,0,5.800000190734863,0.800000011920929,7.400000095367432,0.04649980926513653,1
Drake London,WR,ATL,2,2025,00-0037238,5.9890003,7.90000057220459,4,33,0,3,49,0,0,0,0,0,8.25,0.75,12.25,1.91100027220459,1
Ray-Ray McCloud,WR,ATL,2,2025,00-0034407,3.8870003,0,2,20,1,0,0,0,0,0,0,0,10,0,0,-3.8870003,1
Zay Flowers,WR,BAL,1,2025,00-0039064,16.067501,27.30000114440918,9,91,0,7,143,1,0,0,0,0,10.11111068725586,0.7777777910232544,15.88888931274414,11.23250014440918,1
Derrick Henry,RB,BAL,1,2025,Derrick Henry-BAL,11.67300033569336,31.200000762939453,1,5,NA,NA,NA,NA,18,169,2,0,NA,NA,NA,19.527000427246094,1
Rashod Bateman,WR,BAL,1,2025,00-0036550,6.5334997,3,4,42,0,2,10,0,0,0,0,0,10.5,0.5,2.5,-3.5334997,1
DeAndre Hopkins,WR,BAL,1,2025,00-0030564,4.4945,11.5,2,33,0,2,35,1,0,0,0,0,16.5,1,17.5,7.0055,1
Justice Hill,RB,BAL,1,2025,Justice Hill-BAL,4.149499893188477,-0.10000002384185791,2,-2,NA,NA,NA,NA,2,-14,0,0,NA,NA,NA,-4.2494999170303345,1
Mark Andrews,TE,BAL,1,2025,00-0034753,1.4909999,1.5,1,4,0,1,5,0,0,0,0,0,4,1,5,0.009000099999999955,1
Rasheen Ali,RB,BAL,1,2025,Rasheen Ali-BAL,0.690500020980835,0.5,0,0,NA,NA,NA,NA,1,5,0,0,NA,NA,NA,-0.19050002098083496,1
Zay Flowers,WR,BAL,2,2025,00-0039064,19.3995,14.5,11,134,0,7,75,0,0,0,0,0,12.181818008422852,0.6363636255264282,6.818181991577148,-4.8995,1
Mark Andrews,TE,BAL,2,2025,00-0034753,8.971,1.2000000476837158,3,6,2,1,2,0,0,0,0,0,2,0.3333333432674408,0.6666666865348816,-7.770999952316284,1
Devontez Walker,WR,BAL,2,2025,00-0039792,6.894,16.599998474121094,2,26,1,2,26,2,0,0,0,0,13,1,13,9.705998474121094,1
Derrick Henry,RB,BAL,2,2025,Derrick Henry-BAL,6.835000038146973,2.299999952316284,0,0,NA,NA,NA,NA,11,23,0,1,NA,NA,NA,-4.5350000858306885,1
Rashod Bateman,WR,BAL,2,2025,00-0036550,6.5235,3.5,4,31,0,2,15,0,0,0,0,0,7.75,0.5,3.75,-3.0235000000000003,1
DeAndre Hopkins,WR,BAL,2,2025,00-0030564,6.472,14.399999618530273,2,64,0,2,64,1,0,0,0,0,32,1,32,7.927999618530273,1
Justice Hill,RB,BAL,2,2025,Justice Hill-BAL,6.303999900817871,5.5,3,-8,NA,NA,NA,NA,3,7,0,0,NA,NA,NA,-0.8039999008178711,1
Tylan Wallace,WR,BAL,2,2025,00-0036630,4.5049996,10.5,2,18,1,2,25,1,0,0,0,0,9,1,12.5,5.9950004,1
Zaire Mitchell-Paden,TE,BAL,2,2025,00-0037340,4.2475,0,1,1,1,0,0,0,0,0,0,0,1,0,0,-4.2475,1
Keon Coleman,WR,BUF,1,2025,00-0039901,20.606,25.200000762939453,11,132,2,8,112,1,0,0,0,0,12,0.7272727489471436,10.181818008422852,4.5940007629394515,1
James Cook,RB,BUF,1,2025,James Cook-BUF,18.131500244140625,21.200000762939453,5,-6,NA,NA,NA,NA,13,44,1,2,NA,NA,NA,3.068500518798828,1
Josh Palmer,WR,BUF,1,2025,00-0036988,16.985,11.100000381469727,9,115,2,5,61,0,0,0,0,0,12.777777671813965,0.5555555820465088,6.777777671813965,-5.884999618530273,1
Khalil Shakir,WR,BUF,1,2025,00-0037261,14.831,12.399999618530273,9,85,2,6,64,0,0,0,0,0,9.44444465637207,0.6666666865348816,7.111111164093018,-2.431000381469726,1
Dalton Kincaid,TE,BUF,1,2025,00-0038933,7.6169996,14.800000190734863,4,40,1,4,48,1,0,0,0,0,10,1,12,7.1830005907348635,1
Ty Johnson,RB,BUF,1,2025,Ty Johnson-BUF,4.380000114440918,2.4000000953674316,2,9,NA,NA,NA,NA,2,24,0,0,NA,NA,NA,-1.9800000190734863,1
Dawson Knox,TE,BUF,1,2025,00-0035689,3.0055,4,2,3,0,2,20,0,0,0,0,0,1.5,1,10,0.9944999999999999,1
Jackson Hawes,TE,BUF,1,2025,00-0040194,2.527,3.9000000953674316,1,26,0,1,29,0,0,0,0,0,26,1,29,1.3730000953674315,1
Ray Davis,RB,BUF,1,2025,Ray Davis-BUF,2.115499973297119,1.100000023841858,1,-7,NA,NA,NA,NA,1,2,0,0,NA,NA,NA,-1.0154999494552612,1
Elijah Moore,WR,BUF,1,2025,00-0036980,1.368,1.2999999523162842,1,3,0,1,3,0,0,0,0,0,3,1,3,-0.06800004768371593,1
James Cook,RB,BUF,2,2025,James Cook-BUF,17.89299964904785,26.499998092651367,1,-6,NA,NA,NA,NA,21,132,2,2,NA,NA,NA,8.606998443603516,1
Dalton Kincaid,TE,BUF,2,2025,00-0038933,10.5529995,7.699999809265137,6,29,1,4,37,0,0,0,0,0,4.833333492279053,0.6666666865348816,6.166666507720947,-2.8529996907348636,1
Dawson Knox,TE,BUF,2,2025,00-0035689,7.697,3.9000000953674316,5,12,1,2,19,0,0,0,0,0,2.4000000953674316,0.4000000059604645,3.799999952316284,-3.7969999046325684,1
Josh Palmer,WR,BUF,2,2025,00-0036988,5.8905,6.699999809265137,3,47,0,2,47,0,0,0,0,0,15.666666984558105,0.6666666865348816,15.666666984558105,0.8094998092651364,1
Ray Davis,RB,BUF,2,2025,Ray Davis-BUF,5.0954999923706055,2.4000000953674316,0,0,NA,NA,NA,NA,9,24,0,0,NA,NA,NA,-2.695499897003174,1
Keon Coleman,WR,BUF,2,2025,00-0039901,5,5.600000381469727,3,26,0,3,26,0,0,0,0,0,8.666666984558105,1,8.666666984558105,0.6000003814697266,1
Tyrell Shavers,WR,BUF,2,2025,00-0038679,3.6675,0,2,25,0,0,0,0,0,0,0,0,12.5,0,0,-3.6675,1
Ty Johnson,RB,BUF,2,2025,Ty Johnson-BUF,3.4770002365112305,0.6000000238418579,1,-4,NA,NA,NA,NA,2,6,0,0,NA,NA,NA,-2.8770002126693726,1
Khalil Shakir,WR,BUF,2,2025,00-0037261,2.901,2.200000047683716,2,15,0,1,12,0,0,0,0,0,7.5,0.5,6,-0.700999952316284,1
Elijah Moore,WR,BUF,2,2025,00-0036980,1.693,4.100000381469727,1,12,0,1,31,0,0,0,0,0,12,1,31,2.4070003814697265,1
Jackson Hawes,TE,BUF,2,2025,00-0040194,1.427,1.5,1,-2,0,1,5,0,0,0,0,0,-2,1,5,0.07299999999999995,1
Chuba Hubbard,RB,CAR,1,2025,Chuba Hubbard-CAR,16.362998962402344,17.899999618530273,5,-14,NA,NA,NA,NA,16,57,0,2,NA,NA,NA,1.5370006561279297,1
Tetairoa McMillan,WR,CAR,1,2025,00-0040124,14.2995,11.800000190734863,9,104,0,5,68,0,0,0,0,0,11.55555534362793,0.5555555820465088,7.55555534362793,-2.499499809265137,1
Xavier Legette,WR,CAR,1,2025,00-0039342,11.933,4,7,61,1,3,10,0,0,0,0,0,8.714285850524902,0.4285714328289032,1.4285714626312256,-7.933,1
Hunter Renfrow,WR,CAR,1,2025,00-0034983,10.5945,3.0999999046325684,6,66,0,2,11,0,0,0,0,0,11,0.3333333432674408,1.8333333730697632,-7.494500095367432,1
Rico Dowdle,RB,CAR,1,2025,Rico Dowdle-CAR,5.496999740600586,3.6000001430511475,3,-1,NA,NA,NA,NA,3,12,0,0,NA,NA,NA,-1.8969995975494385,1
Ja'Tavion Sanders,TE,CAR,1,2025,00-0039356,5.366,4.700000286102295,3,41,0,2,27,0,0,0,0,0,13.666666984558105,0.6666666865348816,9,-0.6659997138977047,1
Tommy Tremble,TE,CAR,1,2025,00-0037005,1.2055,1.2000000476837158,1,0,0,1,2,0,0,0,0,0,0,1,2,-0.005499952316284196,1
Trevor Etienne,RB,CAR,1,2025,Trevor Etienne-CAR,0.49300000071525574,0.4000000059604645,0,0,NA,NA,NA,NA,1,4,0,0,NA,NA,NA,-0.09299999475479126,1
Hunter Renfrow,WR,CAR,2,2025,00-0034983,19.695501,23.799999237060547,9,64,5,7,48,2,0,0,0,0,7.111111164093018,0.7777777910232544,5.333333492279053,4.104498237060547,1
Tetairoa McMillan,WR,CAR,2,2025,00-0040124,16.183,16,10,82,2,6,100,0,0,0,0,0,8.199999809265137,0.6000000238418579,10,-0.18299999999999983,1
Ja'Tavion Sanders,TE,CAR,2,2025,00-0039356,15.172,12.40000057220459,9,56,4,7,54,0,0,0,0,0,6.222222328186035,0.7777777910232544,6,-2.7719994277954108,1
Chuba Hubbard,RB,CAR,2,2025,Chuba Hubbard-CAR,15.115499496459961,18.69999885559082,6,16,NA,NA,NA,NA,10,38,0,0,NA,NA,NA,3.5844993591308594,1
Xavier Legette,WR,CAR,2,2025,00-0039342,13.5060005,0.800000011920929,8,33,3,1,-2,0,0,0,0,0,4.125,0.125,-0.25,-12.706000488079072,1
Brycen Tremayne,WR,CAR,2,2025,00-0038840,7.5280004,7.800000190734863,5,62,0,3,48,0,0,0,0,0,12.399999618530273,0.6000000238418579,9.600000381469727,0.27199979073486347,1
Rico Dowdle,RB,CAR,2,2025,Rico Dowdle-CAR,5.370499610900879,2.9000000953674316,1,4,NA,NA,NA,NA,6,9,0,2,NA,NA,NA,-2.4704995155334473,1
Tommy Tremble,TE,CAR,2,2025,00-0037005,4.4145,5,3,18,0,3,20,0,0,0,0,0,6,1,6.666666507720947,0.5854999999999997,1
Trevor Etienne,RB,CAR,2,2025,Trevor Etienne-CAR,1.5184999704360962,1.2000000476837158,1,-3,NA,NA,NA,NA,0,0,0,0,NA,NA,NA,-0.31849992275238037,1
Mitchell Evans,TE,CAR,2,2025,00-0040187,1.3735001,1.9000000953674316,1,5,0,1,9,0,0,0,0,0,5,1,9,0.5264999953674316,1
D'Andre Swift,RB,CHI,1,2025,D'Andre Swift-CHI,16.851499557495117,9.5,5,-3,NA,NA,NA,NA,17,53,0,1,NA,NA,NA,-7.351499557495117,1
Rome Odunze,WR,CHI,1,2025,00-0039919,15.120501,16.799999237060547,9,55,1,6,48,1,0,0,0,0,6.111111164093018,0.6666666865348816,5.333333492279053,1.679498237060546,1
Olamide Zaccheaus,WR,CHI,1,2025,00-0035208,10.1875,8.199999809265137,7,59,1,4,42,0,0,0,0,0,8.428571701049805,0.5714285969734192,6,-1.9875001907348633,1
DJ Moore,WR,CHI,1,2025,00-0034827,9.5015,8.699999809265137,5,94,0,3,57,0,0,0,0,0,18.799999237060547,0.6000000238418579,11.399999618530273,-0.8015001907348633,1
Cole Kmet,TE,CHI,1,2025,00-0036290,6.221,4.100000381469727,4,57,0,1,31,0,0,0,0,0,14.25,0.25,7.75,-2.1209996185302735,1
Colston Loveland,TE,CHI,1,2025,00-0040126,2.9250002,3.1999998092651367,2,5,0,2,12,0,0,0,0,0,2.5,1,6,0.2749996092651368,1
Kyle Monangai,RB,CHI,1,2025,Kyle Monangai-CHI,1.4830000400543213,2.0999999046325684,1,5,NA,NA,NA,NA,0,0,0,0,NA,NA,NA,0.6169998645782471,1
Luther Burden III,WR,CHI,1,2025,00-0040735,1.209,0.699999988079071,1,-5,0,1,-3,0,0,0,0,0,-5,1,-3,-0.509000011920929,1
Rome Odunze,WR,CHI,2,2025,00-0039919,21.9535,31.799999237060547,11,200,2,7,128,2,0,0,0,0,18.18181800842285,0.6363636255264282,11.636363983154297,9.846499237060549,1
D'Andre Swift,RB,CHI,2,2025,D'Andre Swift-CHI,11.07800006866455,15.899999618530273,3,-5,NA,NA,NA,NA,12,63,1,1,NA,NA,NA,4.821999549865723,1
DJ Moore,WR,CHI,2,2025,00-0034827,9.313499,9.600000381469727,6,38,0,5,46,0,0,0,0,0,6.333333492279053,0.8333333134651184,7.666666507720947,0.28650138146972637,1
Kyle Monangai,RB,CHI,2,2025,Kyle Monangai-CHI,8.231500625610352,4.599999904632568,3,6,NA,NA,NA,NA,7,28,0,0,NA,NA,NA,-3.631500720977783,1
Olamide Zaccheaus,WR,CHI,2,2025,00-0035208,7.125,3.200000047683716,5,53,0,2,12,0,0,0,0,0,10.600000381469727,0.4000000059604645,2.4000000953674316,-3.924999952316284,1
Cole Kmet,TE,CHI,2,2025,00-0036290,3.0514998,4.900000095367432,2,17,0,2,29,0,0,0,0,0,8.5,1,14.5,1.8485002953674314,1
Luther Burden III,WR,CHI,2,2025,00-0040735,2.9910002,1.5,2,6,1,1,5,0,0,0,0,0,3,0.5,2.5,-1.4910002000000002,1
Colston Loveland,TE,CHI,2,2025,00-0040126,1.6854999,0,1,22,0,0,0,0,0,0,0,0,22,0,0,-1.6854999,1
Chase Brown,RB,CIN,1,2025,Chase Brown-CIN,18.897998809814453,13.100000381469727,3,0,NA,NA,NA,NA,21,43,1,2,NA,NA,NA,-5.797998428344727,1
Noah Fant,TE,CIN,1,2025,00-0035644,9.911,12.59999942779541,5,2,1,4,26,1,0,0,0,0,0.4000000059604645,0.800000011920929,5.199999809265137,2.6889994277954106,1
Ja'Marr Chase,WR,CIN,1,2025,00-0036900,9.281,4.599999904632568,5,88,0,2,26,0,0,0,0,0,17.600000381469727,0.4000000059604645,5.199999809265137,-4.681000095367432,1
Mike Gesicki,TE,CIN,1,2025,00-0034829,8.444,2.4000000953674316,3,26,2,1,14,0,0,0,0,0,8.666666984558105,0.3333333432674408,4.666666507720947,-6.043999904632569,1
Tee Higgins,WR,CIN,1,2025,00-0036410,6.5535,6.300000190734863,4,49,0,3,33,0,0,0,0,0,12.25,0.75,8.25,-0.2534998092651364,1
Samaje Perine,RB,CIN,1,2025,Samaje Perine-CIN,3.1659998893737793,2.5999999046325684,2,2,NA,NA,NA,NA,0,0,0,0,NA,NA,NA,-0.5659999847412109,1
Drew Sample,TE,CIN,1,2025,00-0035631,1.5450001,0,1,2,0,0,0,0,0,0,0,0,2,0,0,-1.5450001,1
Ja'Marr Chase,WR,CIN,2,2025,00-0036900,29.7435,36.5,16,112,3,14,165,1,0,0,0,0,7,0.875,10.3125,6.756499999999999,1
Chase Brown,RB,CIN,2,2025,Chase Brown-CIN,16.996000289916992,8.5,3,8,NA,NA,NA,NA,16,47,0,3,NA,NA,NA,-8.496000289916992,1
Tee Higgins,WR,CIN,2,2025,00-0036410,15.308001,14.600000381469727,8,105,1,3,56,1,0,0,0,0,13.125,0.375,7,-0.7080006185302743,1
Mike Gesicki,TE,CIN,2,2025,00-0034829,9.528,4.800000190734863,4,46,1,3,18,0,0,0,0,0,11.5,0.75,4.5,-4.727999809265137,1
Andrei Iosivas,WR,CIN,2,2025,00-0038619,8.624001,2.200000047683716,5,62,0,1,12,0,0,0,0,0,12.399999618530273,0.20000000298023224,2.4000000953674316,-6.424000952316284,1
Noah Fant,TE,CIN,2,2025,00-0035644,6.5475006,5.800000190734863,4,25,0,3,28,0,0,0,0,0,6.25,0.75,7,-0.747500409265137,1
Mitchell Tinsley,WR,CIN,2,2025,00-0038839,2.8379998,8.300000190734863,1,13,1,1,13,1,0,0,0,0,13,1,13,5.462000390734863,1
Drew Sample,TE,CIN,2,2025,00-0035631,2.591,1.7000000476837158,2,-6,0,1,7,0,0,0,0,0,-3,0.5,3.5,-0.8909999523162844,1
Dylan Sampson,RB,CLE,1,2025,Dylan Sampson-CLE,17.895999908447266,17.30000114440918,8,-25,NA,NA,NA,NA,12,29,0,1,NA,NA,NA,-0.5959987640380859,1
Harold Fannin Jr.,TE,CLE,1,2025,00-0040663,14.6935005,13.300000190734863,9,65,1,7,63,0,0,0,0,0,7.222222328186035,0.7777777910232544,7,-1.3935003092651375,1
Cedric Tillman,WR,CLE,1,2025,00-0038979,13.561999,16.200000762939453,8,67,1,5,52,1,0,0,0,0,8.375,0.625,6.5,2.638001762939453,1
Jerry Jeudy,WR,CLE,1,2025,00-0036407,13.0275,11.600000381469727,8,97,0,5,66,0,0,0,0,0,12.125,0.625,8.25,-1.4274996185302733,1
David Njoku,TE,CLE,1,2025,00-0033885,9.028,6.699999809265137,6,41,0,3,37,0,0,0,0,0,6.833333492279053,0.5,6.166666507720947,-2.3280001907348638,1
Jerome Ford,RB,CLE,1,2025,Jerome Ford-CLE,7.275000095367432,1.5,1,-5,NA,NA,NA,NA,6,8,0,2,NA,NA,NA,-5.775000095367432,1
Raheim Sanders,RB,CLE,1,2025,Raheim Sanders-CLE,3.5939998626708984,6.299999713897705,0,0,NA,NA,NA,NA,3,3,1,2,NA,NA,NA,2.7059998512268066,1
Jamari Thrash,WR,CLE,1,2025,00-0039379,1.3945,1.600000023841858,1,6,0,1,6,0,0,0,0,0,6,1,6,0.20550002384185784,1
Isaiah Bond,WR,CLE,1,2025,00-0040782,1.2965,1.5,1,-4,0,1,5,0,0,0,0,0,-4,1,5,0.20350000000000001,1
Jerry Jeudy,WR,CLE,2,2025,00-0036407,12.2925,9.100000381469727,8,105,0,4,51,0,0,0,0,0,13.125,0.5,6.375,-3.192499618530274,1
Cedric Tillman,WR,CLE,2,2025,00-0038979,10.9635,10.199999809265137,7,72,1,2,22,1,0,0,0,0,10.285714149475098,0.2857142984867096,3.142857074737549,-0.7635001907348631,1
Jerome Ford,RB,CLE,2,2025,Jerome Ford-CLE,10.461999893188477,10.399999618530273,6,-8,NA,NA,NA,NA,6,31,0,0,NA,NA,NA,-0.062000274658203125,1
Quinshon Judkins,RB,CLE,2,2025,Quinshon Judkins-CLE,8.47350025177002,10.100000381469727,3,2,NA,NA,NA,NA,10,61,0,0,NA,NA,NA,1.626500129699707,1
David Njoku,TE,CLE,2,2025,00-0033885,7.936,8,5,48,0,4,40,0,0,0,0,0,9.600000381469727,0.800000011920929,8,0.06400000000000006,1
Harold Fannin Jr.,TE,CLE,2,2025,00-0040663,7.5415,9.800000190734863,5,27,0,5,48,0,0,0,0,0,5.400000095367432,1,9.600000381469727,2.258500190734863,1
Dylan Sampson,RB,CLE,2,2025,Dylan Sampson-CLE,6.453999996185303,10.90000057220459,3,7,NA,NA,NA,NA,4,6,0,0,NA,NA,NA,4.446000576019287,1
Isaiah Bond,WR,CLE,2,2025,00-0040782,4.2065,1.600000023841858,3,9,1,1,6,0,0,0,0,0,3,0.3333333432674408,2,-2.606499976158142,1
Jamari Thrash,WR,CLE,2,2025,00-0039379,1.283,1.5,1,3,0,1,5,0,0,0,0,0,3,1,5,0.21700000000000008,1
CeeDee Lamb,WR,DAL,1,2025,00-0036358,21.4595,18,13,182,0,7,110,0,0,0,0,0,14,0.5384615659713745,8.461538314819336,-3.4594999999999985,1
Javonte Williams,RB,DAL,1,2025,Javonte Williams-DAL,14.946000099182129,20.399999618530273,3,3,NA,NA,NA,NA,15,54,2,2,NA,NA,NA,5.4539995193481445,1
Jake Ferguson,TE,DAL,1,2025,00-0038041,9.875501,7.300000190734863,6,35,0,5,23,0,0,0,0,0,5.833333492279053,0.8333333134651184,3.8333332538604736,-2.5755008092651366,1
George Pickens,WR,DAL,1,2025,00-0037247,7.0155,6,4,52,0,3,30,0,0,0,0,0,13,0.75,7.5,-1.0155000000000003,1
Jalen Tolbert,WR,DAL,1,2025,00-0037666,3.7140002,1,2,9,1,1,0,0,0,0,0,0,4.5,0.5,0,-2.7140002,1
Miles Sanders,RB,DAL,1,2025,Miles Sanders-DAL,3.440499782562256,6,1,-5,NA,NA,NA,NA,4,53,0,0,NA,NA,NA,2.559500217437744,1
KaVontae Turpin,WR,DAL,1,2025,00-0037801,2.9505,3.799999952316284,2,7,0,2,18,0,0,0,0,0,3.5,1,9,0.8494999523162843,1
Luke Schoonmaker,TE,DAL,1,2025,00-0038547,1.7455001,0,1,22,0,0,0,0,0,0,0,0,22,0,0,-1.7455001,1
Brevyn Spann-Ford,TE,DAL,1,2025,00-0039530,1.5855001,0,1,26,0,0,0,0,0,0,0,0,26,0,0,-1.5855001,1
Javonte Williams,RB,DAL,2,2025,Javonte Williams-DAL,20.552499771118164,25,7,-15,NA,NA,NA,NA,18,97,1,1,NA,NA,NA,4.447500228881836,1
Jake Ferguson,TE,DAL,2,2025,00-0038041,20.0895,16.80000114440918,12,77,0,9,78,0,0,0,0,0,6.416666507720947,0.75,6.5,-3.2894988555908213,1
George Pickens,WR,DAL,2,2025,00-0037247,19.2515,17.80000114440918,9,100,4,5,68,1,0,0,0,0,11.11111068725586,0.5555555820465088,7.55555534362793,-1.4514988555908204,1
CeeDee Lamb,WR,DAL,2,2025,00-0036358,18.9385,20.200000762939453,11,121,1,9,112,0,0,0,0,0,11,0.8181818127632141,10.181818008422852,1.261500762939452,1
KaVontae Turpin,WR,DAL,2,2025,00-0037801,7.475,14.699999809265137,4,31,1,4,47,1,0,0,0,0,7.75,1,11.75,7.224999809265137,1
Miles Sanders,RB,DAL,2,2025,Miles Sanders-DAL,6.477499961853027,9.899999618530273,2,-12,NA,NA,NA,NA,5,15,1,2,NA,NA,NA,3.422499656677246,1
Jalen Tolbert,WR,DAL,2,2025,00-0037666,5.986,3.5999999046325684,4,30,0,2,16,0,0,0,0,0,7.5,0.5,4,-2.3860000953674314,1
Luke Schoonmaker,TE,DAL,2,2025,00-0038547,3.1925,0,2,17,0,0,0,0,0,0,0,0,8.5,0,0,-3.1925,1
Brevyn Spann-Ford,TE,DAL,2,2025,00-0039530,1.348,1.2999999523162842,1,1,0,1,3,0,0,0,0,0,1,1,3,-0.04800004768371591,1
Courtland Sutton,WR,DEN,1,2025,00-0034348,16.5145,18.100000381469727,9,107,1,6,61,1,0,0,0,0,11.88888931274414,0.6666666865348816,6.777777671813965,1.5855003814697248,1
J.K. Dobbins,RB,DEN,1,2025,J.K. Dobbins-DEN,12.690999984741211,14.800000190734863,2,-3,NA,NA,NA,NA,16,63,1,1,NA,NA,NA,2.1090002059936523,1
Tyler Badie,RB,DEN,1,2025,Tyler Badie-DEN,10.28700065612793,3.6000001430511475,6,18,NA,NA,NA,NA,0,0,0,0,NA,NA,NA,-6.687000513076782,1
Troy Franklin,WR,DEN,1,2025,00-0039868,9.996,8.399999618530273,6,45,0,4,44,0,0,0,0,0,7.5,0.6666666865348816,7.333333492279053,-1.596000381469727,1
Marvin Mims Jr.,WR,DEN,1,2025,00-0038976,6.976,4.199999809265137,4,35,0,3,12,0,0,0,0,0,8.75,0.75,3,-2.7760001907348633,1
Evan Engram,TE,DEN,1,2025,00-0033881,5.9750004,5.099999904632568,4,10,0,3,21,0,0,0,0,0,2.5,0.75,5.25,-0.8750004953674315,1
RJ Harvey,RB,DEN,1,2025,RJ Harvey-DEN,4.593999862670898,7.900000095367432,1,-2,NA,NA,NA,NA,6,70,0,0,NA,NA,NA,3.306000232696533,1
Lucas Krull,TE,DEN,1,2025,00-0037539,3.1335,1.600000023841858,2,9,0,1,6,0,0,0,0,0,4.5,0.5,3,-1.5334999761581423,1
Trent Sherfield,WR,DEN,1,2025,00-0034487,1.5155001,1.2999999523162842,1,-2,1,1,3,0,0,0,0,0,-2,1,3,-0.21550014768371573,1
Adam Trautman,TE,DEN,1,2025,00-0036422,1.5095,1.5,1,5,0,1,5,0,0,0,0,0,5,1,5,-0.009500000000000064,1
Adam Prentice,RB,DEN,1,2025,Adam Prentice-DEN,1.403499960899353,1.399999976158142,1,0,NA,NA,NA,NA,0,0,0,0,NA,NA,NA,-0.0034999847412109375,1
Troy Franklin,WR,DEN,2,2025,00-0039868,16.046999,22.899999618530273,9,60,3,8,89,1,0,0,0,0,6.666666507720947,0.8888888955116272,9.88888931274414,6.853000618530274,1
J.K. Dobbins,RB,DEN,2,2025,J.K. Dobbins-DEN,15.968500137329102,15.5,2,0,NA,NA,NA,NA,14,76,1,4,NA,NA,NA,-0.46850013732910156,1
Courtland Sutton,WR,DEN,2,2025,00-0034348,8.127,1.600000023841858,4,47,1,1,6,0,0,0,0,0,11.75,0.25,1.5,-6.526999976158143,1
Adam Trautman,TE,DEN,2,2025,00-0036422,7.4615,10,3,7,1,3,10,1,0,0,0,0,2.3333332538604736,1,3.3333332538604736,2.5385,1
RJ Harvey,RB,DEN,2,2025,RJ Harvey-DEN,5.554499626159668,3.3999998569488525,2,5,NA,NA,NA,NA,5,8,0,0,NA,NA,NA,-2.1544997692108154,1
Pat Bryant,WR,DEN,2,2025,00-0040134,4.1565,3.8000001907348633,3,8,0,2,18,0,0,0,0,0,2.6666667461395264,0.6666666865348816,6,-0.356499809265137,1
Marvin Mims Jr.,WR,DEN,2,2025,00-0038976,3.5695,10.40000057220459,2,18,0,2,24,1,0,0,0,0,9,1,12,6.83050057220459,1
Tyler Badie,RB,DEN,2,2025,Tyler Badie-DEN,3.2614998817443848,4.200000286102295,2,-10,NA,NA,NA,NA,1,3,0,0,NA,NA,NA,0.9385004043579102,1
Evan Engram,TE,DEN,2,2025,00-0033881,3.066,2.200000047683716,2,9,0,1,12,0,0,0,0,0,4.5,0.5,6,-0.865999952316284,1
Trent Sherfield,WR,DEN,2,2025,00-0034487,1.3685001,1.2999999523162842,1,3,0,1,3,0,0,0,0,0,3,1,3,-0.06850014768371593,1
Jahmyr Gibbs,RB,DET,1,2025,Jahmyr Gibbs-DET,19.773500442504883,15,10,0,NA,NA,NA,NA,9,19,0,1,NA,NA,NA,-4.773500442504883,1
Sam LaPorta,TE,DET,1,2025,00-0039065,14.2890005,13.899999618530273,9,45,2,6,79,0,0,0,0,0,5,0.6666666865348816,8.777777671813965,-0.3890008814697268,1
David Montgomery,RB,DET,1,2025,David Montgomery-DET,11.696499824523926,8.300000190734863,4,4,NA,NA,NA,NA,11,25,0,0,NA,NA,NA,-3.3964996337890625,1
Amon-Ra St. Brown,WR,DET,1,2025,00-0036963,10.7915,8.5,6,53,2,4,45,0,0,0,0,0,8.833333015441895,0.6666666865348816,7.5,-2.291499999999999,1
Jameson Williams,WR,DET,1,2025,00-0037240,7.5385003,6.300000190734863,5,26,1,4,23,0,0,0,0,0,5.199999809265137,0.800000011920929,4.599999904632568,-1.2385001092651367,1
Kalif Raymond,WR,DET,1,2025,00-0032464,4.5825,3.6000001430511475,3,23,0,2,16,0,0,0,0,0,7.666666507720947,0.6666666865348816,5.333333492279053,-0.9824998569488521,1
Isaac TeSlaa,WR,DET,1,2025,00-0040669,2.646,8.300000190734863,1,13,1,1,13,1,0,0,0,0,13,1,13,5.654000190734863,1
Amon-Ra St. Brown,WR,DET,2,2025,00-0036963,24.028,38.5,11,88,4,9,115,3,0,0,0,0,8,0.8181818127632141,10.454545021057129,14.472000000000001,1
David Montgomery,RB,DET,2,2025,David Montgomery-DET,12.86299991607666,13.100000381469727,1,-7,NA,NA,NA,NA,11,57,1,4,NA,NA,NA,0.2370004653930664,1
Jahmyr Gibbs,RB,DET,2,2025,Jahmyr Gibbs-DET,12.27299976348877,19.400001525878906,3,-3,NA,NA,NA,NA,12,94,1,1,NA,NA,NA,7.127001762390137,1
Jameson Williams,WR,DET,2,2025,00-0037240,9.593,18.799999237060547,4,134,0,2,108,1,0,0,0,0,33.5,0.5,27,9.206999237060547,1
Sam LaPorta,TE,DET,2,2025,00-0039065,6.261,5.600000381469727,4,18,0,3,26,0,0,0,0,0,4.5,0.75,6.5,-0.6609996185302736,1
Brock Wright,TE,DET,2,2025,00-0036754,6.2505,11.800000190734863,3,3,1,3,28,1,0,0,0,0,1,1,9.333333015441895,5.549500190734864,1
Isaac TeSlaa,WR,DET,2,2025,00-0040669,2.6410003,3.9000000953674316,1,27,0,1,29,0,0,0,0,0,27,1,29,1.2589997953674317,1
Kalif Raymond,WR,DET,2,2025,00-0032464,2.0535,2.4000000953674316,1,14,0,1,14,0,0,0,0,0,14,1,14,0.34650009536743154,1
Craig Reynolds,RB,DET,2,2025,Craig Reynolds-DET,1.6329998970031738,0.4000000059604645,0,0,NA,NA,NA,NA,3,4,0,0,NA,NA,NA,-1.2329998910427094,1
Josh Jacobs,RB,GB,1,2025,Josh Jacobs-GB,14.594499588012695,14,1,1,NA,NA,NA,NA,19,66,1,3,NA,NA,NA,-0.5944995880126953,1
Romeo Doubs,WR,GB,1,2025,00-0037816,10.370501,8.800000190734863,4,92,2,2,68,0,0,0,0,0,23,0.5,17,-1.5705008092651376,1
Jayden Reed,WR,GB,1,2025,00-0039146,9.3755,13.5,5,70,1,3,45,1,0,0,0,0,14,0.6000000238418579,9,4.124499999999999,1
Tucker Kraft,TE,GB,1,2025,00-0038996,7.184,9.600000381469727,4,51,1,2,16,1,0,0,0,0,12.75,0.5,4,2.4160003814697264,1
Dontayvion Wicks,WR,GB,1,2025,00-0038393,3.805,5,2,27,0,2,30,0,0,0,0,0,13.5,1,15,1.1949999999999998,1
Matthew Golden,WR,GB,1,2025,00-0040667,2.8730001,3.5999999046325684,2,10,0,2,16,0,0,0,0,0,5,1,8,0.7269998046325683,1
Chris Brooks,RB,GB,1,2025,Chris Brooks-GB,2.2875001430511475,1.3000000715255737,1,2,NA,NA,NA,NA,1,1,0,0,NA,NA,NA,-0.9875000715255737,1
Savion Williams,WR,GB,1,2025,00-0040009,1.4825001,1.100000023841858,1,-3,1,1,1,0,0,0,0,0,-3,1,1,-0.3825000761581421,1
Luke Musgrave,TE,GB,1,2025,00-0039144,1.4205,1.399999976158142,1,1,0,1,4,0,0,0,0,0,1,1,4,-0.020500023841858006,1
John FitzPatrick,TE,GB,1,2025,00-0037306,1.414,1.2000000476837158,1,2,0,1,2,0,0,0,0,0,2,1,2,-0.2139999523162841,1
Emanuel Wilson,RB,GB,1,2025,Emanuel Wilson-GB,0.47749999165534973,0.4000000059604645,0,0,NA,NA,NA,NA,1,4,0,0,NA,NA,NA,-0.07749998569488525,1
Josh Jacobs,RB,GB,2,2025,Josh Jacobs-GB,15.766500473022461,14.399999618530273,0,0,NA,NA,NA,NA,23,84,1,4,NA,NA,NA,-1.3665008544921875,1
Tucker Kraft,TE,GB,2,2025,00-0038996,13.152,24.400001525878906,7,56,2,6,124,1,0,0,0,0,8,0.8571428656578064,17.714284896850586,11.248001525878907,1
Dontayvion Wicks,WR,GB,2,2025,00-0038393,12.7225,8.399999618530273,6,124,0,4,44,0,0,0,0,0,20.66666603088379,0.6666666865348816,7.333333492279053,-4.322500381469727,1
Romeo Doubs,WR,GB,2,2025,00-0037816,10.7699995,11.800000190734863,5,85,1,3,28,1,0,0,0,0,17,0.6000000238418579,5.599999904632568,1.0300006907348624,1
Chris Brooks,RB,GB,2,2025,Chris Brooks-GB,5.783999919891357,5.699999809265137,4,-11,NA,NA,NA,NA,0,0,0,0,NA,NA,NA,-0.0840001106262207,1
Matthew Golden,WR,GB,2,2025,00-0040667,4.689,0,2,81,0,0,0,0,0,0,0,0,40.5,0,0,-4.689,1
Luke Musgrave,TE,GB,2,2025,00-0039144,3.5655,5.199999809265137,2,25,0,2,32,0,0,0,0,0,12.5,1,16,1.6344998092651366,1
Malik Heath,WR,GB,2,2025,00-0038465,2.4585,4.699999809265137,1,37,0,1,37,0,0,0,0,0,37,1,37,2.241499809265137,1
Nico Collins,WR,HOU,1,2025,00-0036554,7.751,5.5,5,35,1,3,25,0,0,0,0,0,7,0.6000000238418579,5,-2.2510000000000003,1
Nick Chubb,RB,HOU,1,2025,Nick Chubb-HOU,7.669500350952148,6,1,5,NA,NA,NA,NA,13,60,0,0,NA,NA,NA,-1.6695003509521484,1
Dalton Schultz,TE,HOU,1,2025,00-0034383,7.5935,5.800000190734863,5,25,0,3,28,0,0,0,0,0,5,0.6000000238418579,5.599999904632568,-1.7934998092651364,1
Cade Stover,TE,HOU,1,2025,00-0039359,5.4625,6.199999809265137,4,9,0,4,22,0,0,0,0,0,2.25,1,5.5,0.7374998092651364,1
Jayden Higgins,WR,HOU,1,2025,00-0040130,5.1075,5.199999809265137,3,52,0,2,32,0,0,0,0,0,17.33333396911621,0.6666666865348816,10.666666984558105,0.09249980926513679,1
Dare Ogunbowale,RB,HOU,1,2025,Dare Ogunbowale-HOU,3.8385000228881836,4.599999904632568,2,5,NA,NA,NA,NA,2,9,0,0,NA,NA,NA,0.7614998817443848,1
Xavier Hutchinson,WR,HOU,1,2025,00-0038618,3.196,5,2,29,0,2,30,0,0,0,0,0,14.5,1,15,1.8039999999999998,1
Justin Watson,WR,HOU,1,2025,00-0034386,2.8840003,4.699999809265137,2,14,0,2,27,0,0,0,0,0,7,1,13.5,1.8159995092651369,1
Dameon Pierce,RB,HOU,1,2025,Dameon Pierce-HOU,2.7789998054504395,0.5,1,-4,NA,NA,NA,NA,3,5,0,0,NA,NA,NA,-2.2789998054504395,1
Jaylin Noel,WR,HOU,1,2025,00-0040138,2.777,1.7000000476837158,2,2,0,1,7,0,0,0,0,0,1,0.5,3.5,-1.0769999523162843,1
Woody Marks,RB,HOU,1,2025,Woody Marks-HOU,1.2025001049041748,0.30000001192092896,0,0,NA,NA,NA,NA,3,3,0,0,NA,NA,NA,-0.9025000929832458,1
Nico Collins,WR,HOU,2,2025,00-0036554,20.8695,14.199999809265137,9,88,3,3,52,1,0,0,0,0,9.777777671813965,0.3333333432674408,5.777777671813965,-6.669500190734862,1
Nick Chubb,RB,HOU,2,2025,Nick Chubb-HOU,10.539999961853027,15.200000762939453,2,-7,NA,NA,NA,NA,12,43,1,1,NA,NA,NA,4.660000801086426,1
Dalton Schultz,TE,HOU,2,2025,00-0034383,6.1184998,5.900000095367432,4,20,0,3,29,0,0,0,0,0,5,0.75,7.25,-0.21849970463256874,1
Xavier Hutchinson,WR,HOU,2,2025,00-0038618,4.843,4.900000095367432,3,33,0,2,29,0,0,0,0,0,11,0.6666666865348816,9.666666984558105,0.05700009536743167,1
Justin Watson,WR,HOU,2,2025,00-0034386,4.347,1.2999999523162842,2,19,2,1,3,0,0,0,0,0,9.5,0.5,1.5,-3.0470000476837162,1
Woody Marks,RB,HOU,2,2025,Woody Marks-HOU,2.808000087738037,6.099999904632568,1,5,NA,NA,NA,NA,3,14,0,0,NA,NA,NA,3.2919998168945312,1
Harrison Bryant,TE,HOU,2,2025,00-0036232,1.9635,0,1,14,0,0,0,0,0,0,0,0,14,0,0,-1.9635,1
Jayden Higgins,WR,HOU,2,2025,00-0040130,1.424,3.799999952316284,1,4,0,1,28,0,0,0,0,0,4,1,28,2.3759999523162842,1
Jonathan Taylor,RB,IND,1,2025,Jonathan Taylor-IND,17.85900115966797,12.800000190734863,3,-2,NA,NA,NA,NA,18,71,0,2,NA,NA,NA,-5.0590009689331055,1
Tyler Warren,TE,IND,1,2025,00-0040128,15.736,14.600000381469727,9,47,2,7,76,0,0,0,0,0,5.222222328186035,0.7777777910232544,8.44444465637207,-1.135999618530274,1
Michael Pittman,WR,IND,1,2025,00-0036252,12.741,20,8,54,0,6,80,1,0,0,0,0,6.75,0.75,10,7.259,1
DJ Giddens,RB,IND,1,2025,DJ Giddens-IND,8.961999893188477,4.099999904632568,0,0,NA,NA,NA,NA,12,41,0,1,NA,NA,NA,-4.861999988555908,1
Alec Pierce,WR,IND,1,2025,00-0037664,7.023,4.600000381469727,3,61,1,1,36,0,0,0,0,0,20.33333396911621,0.3333333432674408,12,-2.422999618530273,1
Josh Downs,WR,IND,1,2025,00-0038997,4.3125,3.200000047683716,3,13,0,2,12,0,0,0,0,0,4.333333492279053,0.6666666865348816,4,-1.1124999523162842,1
Adonai Mitchell,WR,IND,1,2025,00-0039890,3.2020001,4.100000381469727,2,21,0,2,21,0,0,0,0,0,10.5,1,10.5,0.8980002814697268,1
Mo Alie-Cox,TE,IND,1,2025,00-0033217,1.5094999,3,1,2,0,1,20,0,0,0,0,0,2,1,20,1.4905001,1
Ulysses Bentley IV,RB,IND,1,2025,Ulysses Bentley IV-IND,0.5339999794960022,0,0,0,NA,NA,NA,NA,1,0,0,0,NA,NA,NA,-0.5339999794960022,1
Jonathan Taylor,RB,IND,2,2025,Jonathan Taylor-IND,17.149499893188477,29.5,2,2,NA,NA,NA,NA,25,165,0,1,NA,NA,NA,12.350500106811523,1
Tyler Warren,TE,IND,2,2025,00-0040128,12.2505,11.899999618530273,7,55,1,4,79,0,0,0,0,0,7.857142925262451,0.5714285969734192,11.285714149475098,-0.3505003814697272,1
Josh Downs,WR,IND,2,2025,00-0038997,11.9955,11.100000381469727,8,58,2,6,51,0,0,0,0,0,7.25,0.75,6.375,-0.8954996185302733,1
Alec Pierce,WR,IND,2,2025,00-0037664,9.066,10.800000190734863,5,80,1,4,68,0,0,0,0,0,16,0.800000011920929,13.600000381469727,1.7340001907348626,1
Adonai Mitchell,WR,IND,2,2025,00-0039890,7.681,4,4,107,0,2,20,0,0,0,0,0,26.75,0.5,5,-3.681,1
Michael Pittman,WR,IND,2,2025,00-0036252,7.308,8,5,37,1,4,40,0,0,0,0,0,7.400000095367432,0.800000011920929,8,0.6920000000000002,1
DJ Giddens,RB,IND,2,2025,DJ Giddens-IND,1.6610000133514404,0,1,-6,NA,NA,NA,NA,0,0,0,0,NA,NA,NA,-1.6610000133514404,1
Mo Alie-Cox,TE,IND,2,2025,00-0033217,1.5185,1.7999999523162842,1,0,1,1,8,0,0,0,0,0,0,1,8,0.2814999523162842,1
Travis Etienne,RB,JAX,1,2025,Travis Etienne-JAX,13.593000411987305,18.600000381469727,3,-10,NA,NA,NA,NA,16,143,0,0,NA,NA,NA,5.006999969482422,1
Travis Hunter,WR,JAX,1,2025,00-0040718,13.483,9.300000190734863,8,59,1,6,33,0,0,0,0,0,7.375,0.75,4.125,-4.182999809265137,1
Brian Thomas Jr.,WR,JAX,1,2025,00-0039893,12.2435,2.0999999046325684,7,92,0,1,11,0,0,0,0,0,13.142857551574707,0.1428571492433548,1.5714285373687744,-10.14350009536743,1
Dyami Brown,WR,JAX,1,2025,00-0036626,7.022,8.199999809265137,4,54,0,3,52,0,0,0,0,0,13.5,0.75,13,1.1779998092651365,1
Brenton Strange,TE,JAX,1,2025,00-0038935,6.6765,9.899999618530273,4,36,0,4,59,0,0,0,0,0,9,1,14.75,3.2234996185302736,1
Hunter Long,TE,JAX,1,2025,00-0037004,3.211,7.599999904632568,1,6,1,1,6,1,0,0,0,0,6,1,6,4.388999904632568,1
Bhayshul Tuten,RB,JAX,1,2025,Bhayshul Tuten-JAX,2.513000011444092,1.100000023841858,0,0,NA,NA,NA,NA,3,11,0,0,NA,NA,NA,-1.4129999876022339,1
LeQuint Allen Jr.,RB,JAX,1,2025,LeQuint Allen Jr.-JAX,2.261500120162964,2.0999999046325684,1,-4,NA,NA,NA,NA,1,7,0,0,NA,NA,NA,-0.1615002155303955,1
Johnny Mundt,TE,JAX,1,2025,00-0033246,1.4275,0,1,-3,0,0,0,0,0,0,0,0,-3,0,0,-1.4275,1
Brian Thomas Jr.,WR,JAX,2,2025,00-0039893,24.5635,8.90000057220459,12,166,3,4,49,0,0,0,0,0,13.833333015441895,0.3333333432674408,4.083333492279053,-15.663499427795411,1
Dyami Brown,WR,JAX,2,2025,00-0036626,14.062,16.700000762939453,7,57,3,5,57,1,0,0,0,0,8.142857551574707,0.7142857313156128,8.142857551574707,2.6380007629394537,1
Travis Etienne,RB,JAX,2,2025,Travis Etienne-JAX,13.521500587463379,16.899999618530273,3,-10,NA,NA,NA,NA,14,71,0,1,NA,NA,NA,3.3784990310668945,1
Travis Hunter,WR,JAX,2,2025,00-0040718,11.1895,5.200000286102295,6,30,1,3,22,0,0,0,0,0,5,0.5,3.6666667461395264,-5.989499713897706,1
Parker Washington,WR,JAX,2,2025,00-0038606,9.173,15.899999618530273,6,38,0,6,99,0,0,0,0,0,6.333333492279053,1,16.5,6.726999618530273,1
Brenton Strange,TE,JAX,2,2025,00-0038935,8.72,4.699999809265137,5,31,0,3,17,0,0,0,0,0,6.199999809265137,0.6000000238418579,3.4000000953674316,-4.020000190734864,1
Bhayshul Tuten,RB,JAX,2,2025,Bhayshul Tuten-JAX,7.851499557495117,15.400001525878906,2,-11,NA,NA,NA,NA,8,42,0,0,NA,NA,NA,7.548501968383789,1
Tim Patrick,WR,JAX,2,2025,00-0033375,2.7319999,0,1,10,1,0,0,0,0,0,0,0,10,0,0,-2.7319999,1
LeQuint Allen Jr.,RB,JAX,2,2025,LeQuint Allen Jr.-JAX,1.222000002861023,1.3000000715255737,0,0,NA,NA,NA,NA,2,13,0,0,NA,NA,NA,0.07800006866455078,1
Marquise Brown,WR,KC,1,2025,00-0035662,27.6315,19.900001525878906,16,101,3,10,99,0,0,0,0,0,6.3125,0.625,6.1875,-7.731498474121093,1
Tyquan Thornton,WR,KC,1,2025,00-0038104,8.946501,6.100000381469727,4,115,0,2,41,0,0,0,0,0,28.75,0.5,10.25,-2.846500618530273,1
Travis Kelce,TE,KC,1,2025,00-0030506,7.8225,12.699999809265137,4,24,1,2,47,1,0,0,0,0,6,0.5,11.75,4.877499809265137,1
Isiah Pacheco,RB,KC,1,2025,Isiah Pacheco-KC,7.378999710083008,4.800000190734863,3,-12,NA,NA,NA,NA,5,25,0,0,NA,NA,NA,-2.5789995193481445,1
JuJu Smith-Schuster,WR,KC,1,2025,00-0033857,7.148,10.5,5,29,0,5,55,0,0,0,0,0,5.800000190734863,1,11,3.3520000000000003,1
Kareem Hunt,RB,KC,1,2025,Kareem Hunt-KC,6.8394999504089355,4.599999904632568,3,-2,NA,NA,NA,NA,5,16,0,0,NA,NA,NA,-2.239500045776367,1
Jason Brownlee,WR,KC,1,2025,00-0038492,2.709,0,1,9,1,0,0,0,0,0,0,0,9,0,0,-2.709,1
Noah Gray,TE,KC,1,2025,00-0036637,1.5085,1.2999999523162842,1,3,0,1,3,0,0,0,0,0,3,1,3,-0.20850004768371577,1
Xavier Worthy,WR,KC,1,2025,00-0039894,1.3855,0,1,4,0,0,0,0,0,0,0,0,4,0,0,-1.3855,1
Tyquan Thornton,WR,KC,2,2025,00-0038104,11.1685,13.899999618530273,5,169,0,2,59,1,0,0,0,0,33.79999923706055,0.4000000059604645,11.800000190734863,2.7314996185302736,1
Travis Kelce,TE,KC,2,2025,00-0030506,10.874,10.100000381469727,6,37,1,4,61,0,0,0,0,0,6.166666507720947,0.6666666865348816,10.166666984558105,-0.773999618530274,1
Noah Gray,TE,KC,2,2025,00-0036637,8.0305,1.100000023841858,5,51,1,1,1,0,0,0,0,0,10.199999809265137,0.20000000298023224,0.20000000298023224,-6.930499976158142,1
Isiah Pacheco,RB,KC,2,2025,Isiah Pacheco-KC,7.867500305175781,3.9000000953674316,2,-4,NA,NA,NA,NA,10,22,0,0,NA,NA,NA,-3.9675002098083496,1
Marquise Brown,WR,KC,2,2025,00-0035662,7.2645,8,5,22,0,5,30,0,0,0,0,0,4.400000095367432,1,6,0.7355,1
Kareem Hunt,RB,KC,2,2025,Kareem Hunt-KC,5.990499973297119,4.400000095367432,1,-3,NA,NA,NA,NA,8,31,0,1,NA,NA,NA,-1.5904998779296875,1
JuJu Smith-Schuster,WR,KC,2,2025,00-0033857,4.3515,1.5,3,19,0,1,5,0,0,0,0,0,6.333333492279053,0.3333333432674408,1.6666666269302368,-2.8514999999999997,1
Brashard Smith,RB,KC,2,2025,Brashard Smith-KC,1.8954999446868896,0.20000000298023224,1,0,NA,NA,NA,NA,1,2,0,0,NA,NA,NA,-1.6954999417066574,1
Nikko Remigio,WR,KC,2,2025,00-0038519,1.739,3.1000001430511475,1,18,0,1,21,0,0,0,0,0,18,1,21,1.3610001430511474,1
Keenan Allen,WR,LAC,1,2025,00-0030279,16.038,19.80000114440918,10,89,1,7,68,1,0,0,0,0,8.899999618530273,0.699999988079071,6.800000190734863,3.7620011444091794,1
Quentin Johnston,WR,LAC,1,2025,00-0038544,15.6185,24.900001525878906,7,87,2,5,79,2,0,0,0,0,12.428571701049805,0.7142857313156128,11.285714149475098,9.281501525878907,1
Ladd McConkey,WR,LAC,1,2025,00-0039915,15.3595,13.399999618530273,9,97,0,6,74,0,0,0,0,0,10.777777671813965,0.6666666865348816,8.222222328186035,-1.9595003814697272,1
Omarion Hampton,RB,LAC,1,2025,Omarion Hampton-LAC,11.059499740600586,8.100000381469727,2,-4,NA,NA,NA,NA,15,48,0,0,NA,NA,NA,-2.9594993591308594,1
Tyler Conklin,TE,LAC,1,2025,00-0034270,3.7815003,7,2,28,0,2,50,0,0,0,0,0,14,1,25,3.2184997,1
KeAndre Lambert-Smith,WR,LAC,1,2025,00-0040184,3.2115002,0,1,30,0,0,0,0,0,0,0,0,30,0,0,-3.2115002,1
Najee Harris,RB,LAC,1,2025,Najee Harris-LAC,1.9505000114440918,2,1,5,NA,NA,NA,NA,1,5,0,0,NA,NA,NA,0.0494999885559082,1
Will Dissly,TE,LAC,1,2025,00-0034159,1.5015,2.8000001907348633,1,5,0,1,18,0,0,0,0,0,5,1,18,1.2985001907348632,1
Tre Harris,WR,LAC,1,2025,00-0040727,1.438,2.0999999046325684,1,5,0,1,11,0,0,0,0,0,5,1,11,0.6619999046325684,1
Quentin Johnston,WR,LAC,2,2025,00-0038544,12.4825,16.100000381469727,7,115,0,3,71,1,0,0,0,0,16.428571701049805,0.4285714328289032,10.142857551574707,3.6175003814697266,1
Keenan Allen,WR,LAC,2,2025,00-0030279,12.319,17.100000381469727,7,54,1,5,61,1,0,0,0,0,7.714285850524902,0.7142857313156128,8.714285850524902,4.781000381469726,1
Omarion Hampton,RB,LAC,2,2025,Omarion Hampton-LAC,11.57450008392334,3.5,2,2,NA,NA,NA,NA,8,24,0,4,NA,NA,NA,-8.07450008392334,1
Ladd McConkey,WR,LAC,2,2025,00-0039915,7.6775,9.800000190734863,5,32,0,5,48,0,0,0,0,0,6.400000095367432,1,9.600000381469727,2.122500190734863,1
Najee Harris,RB,LAC,2,2025,Najee Harris-LAC,7.143499851226807,6.800000190734863,2,5,NA,NA,NA,NA,8,28,0,0,NA,NA,NA,-0.34349966049194336,1
Tre Harris,WR,LAC,2,2025,00-0040727,5.2675,5.400000095367432,3,32,1,2,34,0,0,0,0,0,10.666666984558105,0.6666666865348816,11.333333015441895,0.13250009536743157,1
Will Dissly,TE,LAC,2,2025,00-0034159,1.5265,1.7000000476837158,1,4,0,1,7,0,0,0,0,0,4,1,7,0.17350004768371585,1
Puka Nacua,WR,LAR,1,2025,00-0039075,17.526499,23,11,98,0,10,130,0,0,0,0,0,8.909090995788574,0.9090909361839294,11.818181991577148,5.473500999999999,1
Kyren Williams,RB,LAR,1,2025,Kyren Williams-LA,14.90049934387207,13.90000057220459,2,-12,NA,NA,NA,NA,18,66,1,2,NA,NA,NA,-1.0004987716674805,1
Davante Adams,WR,LAR,1,2025,00-0031381,12.652,9.100000381469727,8,70,0,4,51,0,0,0,0,0,8.75,0.5,6.375,-3.5519996185302727,1
Davis Allen,TE,LAR,1,2025,00-0039074,4.885,8.300000190734863,2,35,1,1,13,1,0,0,0,0,17.5,0.5,6.5,3.4150001907348635,1
Colby Parkinson,TE,LAR,1,2025,00-0036244,3.2155,1.4000000953674316,2,0,1,2,-6,0,0,0,0,0,0,1,-3,-1.8154999046325684,1
Xavier Smith,WR,LAR,1,2025,00-0038359,2.4499998,4.600000381469727,1,36,0,1,36,0,0,0,0,0,36,1,36,2.1500005814697265,1
Blake Corum,RB,LAR,1,2025,Blake Corum-LA,2.068000078201294,2.6000001430511475,1,-2,NA,NA,NA,NA,1,2,0,0,NA,NA,NA,0.5320000648498535,1
Tutu Atwell,WR,LAR,1,2025,00-0036849,1.448,1.399999976158142,1,4,0,1,4,0,0,0,0,0,4,1,4,-0.048000023841857864,1
Davante Adams,WR,LAR,2,2025,00-0031381,28.115,22.600000381469727,13,138,5,6,106,1,0,0,0,0,10.615385055541992,0.4615384638309479,8.15384578704834,-5.514999618530272,1
Puka Nacua,WR,LAR,2,2025,00-0039075,14.594,17.100000381469727,9,68,1,8,91,0,0,0,0,0,7.55555534362793,0.8888888955116272,10.11111068725586,2.506000381469727,1
Kyren Williams,RB,LAR,2,2025,Kyren Williams-LA,13.825000762939453,10,2,7,NA,NA,NA,NA,17,66,0,1,NA,NA,NA,-3.825000762939453,1
Blake Corum,RB,LAR,2,2025,Blake Corum-LA,6.05649995803833,10.399999618530273,0,0,NA,NA,NA,NA,5,44,1,2,NA,NA,NA,4.343499660491943,1
Tyler Higbee,TE,LAR,2,2025,00-0033110,5.8025,7.699999809265137,4,-4,1,4,37,0,0,0,0,0,-1,1,9.25,1.8974998092651365,1
Jordan Whittington,WR,LAR,2,2025,00-0039751,3.1525002,6.199999809265137,2,29,1,2,42,0,0,0,0,0,14.5,1,21,3.0474996092651367,1
Davis Allen,TE,LAR,2,2025,00-0039074,3.0135,7.800000190734863,1,5,1,1,8,1,0,0,0,0,5,1,8,4.786500190734863,1
Tutu Atwell,WR,LAR,2,2025,00-0036849,1.7825,0,1,11,0,0,0,0,0,0,0,0,11,0,0,-1.7825,1
Jakobi Meyers,WR,LV,1,2025,00-0034960,15.4835,17.700000762939453,10,81,0,8,97,0,0,0,0,0,8.100000381469727,0.800000011920929,9.699999809265137,2.2165007629394538,1
Ashton Jeanty,RB,LV,1,2025,Ashton Jeanty-LV,14.476499557495117,12,2,-4,NA,NA,NA,NA,19,38,1,1,NA,NA,NA,-2.476499557495117,1
Brock Bowers,TE,LV,1,2025,00-0039338,12.58,15.300000190734863,8,80,0,5,103,0,0,0,0,0,10,0.625,12.875,2.720000190734863,1
Dont'e Thornton Jr.,WR,LV,1,2025,00-0040581,6.9555,6.500000476837158,4,100,0,2,45,0,0,0,0,0,25,0.5,11.25,-0.4554995231628416,1
Michael Mayer,TE,LV,1,2025,00-0039066,6.8320003,7.800000190734863,4,14,1,4,38,0,0,0,0,0,3.5,1,9.5,0.9679998907348635,1
Tre Tucker,WR,LV,1,2025,00-0038563,6.815,13.40000057220459,3,63,0,2,54,1,0,0,0,0,21,0.6666666865348816,18,6.5850005722045895,1
Jack Bech,WR,LV,1,2025,00-0040729,1.762,3.299999952316284,1,13,0,1,23,0,0,0,0,0,13,1,23,1.5379999523162842,1
Alex Bachman,WR,LV,1,2025,00-0035602,1.4355,0,1,4,0,0,0,0,0,0,0,0,4,0,0,-1.4355,1
Zamir White,RB,LV,1,2025,Zamir White-LV,1.3294999599456787,0.800000011920929,0,0,NA,NA,NA,NA,3,8,0,0,NA,NA,NA,-0.5294999480247498,1
Jakobi Meyers,WR,LV,2,2025,00-0034960,19.9375,12.800000190734863,12,101,3,6,68,0,0,0,0,0,8.416666984558105,0.5,5.666666507720947,-7.137499809265137,1
Brock Bowers,TE,LV,2,2025,00-0039338,13.1045,8.800000190734863,8,51,1,5,38,0,0,0,0,0,6.375,0.625,4.75,-4.3044998092651365,1
Tre Tucker,WR,LV,2,2025,00-0038563,12.954,4.199999809265137,8,60,1,3,12,0,0,0,0,0,7.5,0.375,1.5,-8.754000190734864,1
Ashton Jeanty,RB,LV,2,2025,Ashton Jeanty-LV,10.844499588012695,7.400000095367432,4,-27,NA,NA,NA,NA,11,43,0,0,NA,NA,NA,-3.4444994926452637,1
Dont'e Thornton Jr.,WR,LV,2,2025,00-0040581,7.922,3,4,105,0,1,20,0,0,0,0,0,26.25,0.25,5,-4.922,1
Zamir White,RB,LV,2,2025,Zamir White-LV,5.059000015258789,3.299999952316284,3,-3,NA,NA,NA,NA,2,-2,0,0,NA,NA,NA,-1.7590000629425049,1
Michael Mayer,TE,LV,2,2025,00-0039066,3.04,2.9000000953674316,2,7,0,2,9,0,0,0,0,0,3.5,1,4.5,-0.1399999046325684,1
Dylan Laube,RB,LV,2,2025,Dylan Laube-LV,2.875999927520752,3.700000286102295,2,-3,NA,NA,NA,NA,0,0,0,0,NA,NA,NA,0.824000358581543,1
Tyreek Hill,WR,MIA,1,2025,00-0033040,10.496,8,6,86,0,4,40,0,0,0,0,0,14.333333015441895,0.6666666865348816,6.666666507720947,-2.4960000000000004,1
De'Von Achane,RB,MIA,1,2025,De'Von Achane-MIA,9.28499984741211,16.5,4,-3,NA,NA,NA,NA,7,55,0,0,NA,NA,NA,7.215000152587891,1
Jaylen Waddle,WR,MIA,1,2025,00-0036613,8.92,7,5,21,1,4,30,0,0,0,0,0,4.199999809265137,0.800000011920929,6,-1.92,1
Malik Washington,WR,MIA,1,2025,00-0039880,8.0765,4,5,51,0,2,20,0,0,0,0,0,10.199999809265137,0.4000000059604645,4,-4.076499999999999,1
Tanner Conner,WR,MIA,1,2025,00-0037348,7.8535004,4,4,27,1,2,20,0,0,0,0,0,6.75,0.5,5,-3.8535003999999997,1
Dee Eskridge,WR,MIA,1,2025,00-0036620,3.488,1.9000000953674316,2,33,0,1,9,0,0,0,0,0,16.5,0.5,4.5,-1.5879999046325683,1
Nick Westbrook-Ikhine,WR,MIA,1,2025,00-0036182,3.1295,1.7000000476837158,2,13,0,1,7,0,0,0,0,0,6.5,0.5,3.5,-1.4294999523162844,1
Alec Ingold,RB,MIA,1,2025,Alec Ingold-MIA,2.6875,1.100000023841858,2,11,NA,NA,NA,NA,0,0,0,0,NA,NA,NA,-1.587499976158142,1
Ollie Gordon II,RB,MIA,1,2025,Ollie Gordon II-MIA,2.5280001163482666,1.2999999523162842,1,-5,NA,NA,NA,NA,2,4,0,1,NA,NA,NA,-1.2280001640319824,1
De'Von Achane,RB,MIA,2,2025,De'Von Achane-MIA,19.690500259399414,26.200000762939453,10,-9,NA,NA,NA,NA,11,30,0,0,NA,NA,NA,6.509500503540039,1
Tyreek Hill,WR,MIA,2,2025,00-0033040,11.6345005,16.900001525878906,7,125,0,6,109,0,0,0,0,0,17.85714340209961,0.8571428656578064,15.571428298950195,5.265501025878907,1
Jaylen Waddle,WR,MIA,2,2025,00-0036613,11.1395,17.799999237060547,6,98,1,5,68,1,0,0,0,0,16.33333396911621,0.8333333134651184,11.333333015441895,6.660499237060547,1
Nick Westbrook-Ikhine,WR,MIA,2,2025,00-0036182,4.2054996,3.799999952316284,3,18,0,2,18,0,0,0,0,0,6,0.6666666865348816,6,-0.4054996476837154,1
Alec Ingold,RB,MIA,2,2025,Alec Ingold-MIA,2.8550000190734863,3.3000001907348633,2,9,NA,NA,NA,NA,0,0,0,0,NA,NA,NA,0.44500017166137695,1
Malik Washington,WR,MIA,2,2025,00-0039880,2.755,1.2000000476837158,2,6,0,1,2,0,0,0,0,0,3,0.5,1,-1.554999952316284,1
Ollie Gordon II,RB,MIA,2,2025,Ollie Gordon II-MIA,2.0929999351501465,2.299999952316284,1,-3,NA,NA,NA,NA,1,8,0,0,NA,NA,NA,0.2070000171661377,1
Dee Eskridge,WR,MIA,2,2025,00-0036620,1.6025001,1.7999999523162842,1,7,0,1,8,0,0,0,0,0,7,1,8,0.19749985231628409,1
Justin Jefferson,WR,MIN,1,2025,00-0036322,12.521,14.40000057220459,7,69,2,4,44,1,0,0,0,0,9.857142448425293,0.5714285969734192,6.285714149475098,1.879000572204589,1
Jordan Mason,RB,MIN,1,2025,Jordan Mason-MIN,9.392499923706055,8.5,1,-5,NA,NA,NA,NA,15,68,0,0,NA,NA,NA,-0.8924999237060547,1
Aaron Jones,RB,MIN,1,2025,Aaron Jones-MIN,9.111000061035156,15.699999809265137,3,21,NA,NA,NA,NA,8,23,0,0,NA,NA,NA,6.5889997482299805,1
T.J. Hockenson,TE,MIN,1,2025,00-0035229,5.8705,4.5,4,13,0,3,15,0,0,0,0,0,3.25,0.75,3.75,-1.3704999999999998,1
Jalen Nailor,WR,MIN,1,2025,00-0037291,4.905,3.799999952316284,3,15,1,1,28,0,0,0,0,0,5,0.3333333432674408,9.333333015441895,-1.105000047683716,1
Adam Thielen,WR,MIN,1,2025,00-0030035,1.381,0,1,7,0,0,0,0,0,0,0,0,7,0,0,-1.381,1
Josh Oliver,TE,MIN,1,2025,00-0035249,1.3510001,1.5,1,-3,0,1,5,0,0,0,0,0,-3,1,5,0.14899989999999996,1
Justin Jefferson,WR,MIN,2,2025,00-0036322,12.427,11.100000381469727,6,102,1,3,81,0,0,0,0,0,17,0.5,13.5,-1.326999618530273,1
Jalen Nailor,WR,MIN,2,2025,00-0037291,10.4065,6.100000381469727,5,82,1,3,31,0,0,0,0,0,16.399999618530273,0.6000000238418579,6.199999809265137,-4.306499618530273,1
Jordan Mason,RB,MIN,2,2025,Jordan Mason-MIN,8.491000175476074,5.800000190734863,3,-4,NA,NA,NA,NA,9,30,0,0,NA,NA,NA,-2.690999984741211,1
Adam Thielen,WR,MIN,2,2025,00-0030035,5.38,4.600000381469727,3,58,0,2,26,0,0,0,0,0,19.33333396911621,0.6666666865348816,8.666666984558105,-0.7799996185302733,1
T.J. Hockenson,TE,MIN,2,2025,00-0035229,4.373,2.200000047683716,3,19,0,1,12,0,0,0,0,0,6.333333492279053,0.3333333432674408,4,-2.1729999523162844,1
Aaron Jones,RB,MIN,2,2025,Aaron Jones-MIN,3.8420000076293945,2.3000001907348633,1,-5,NA,NA,NA,NA,5,23,0,0,NA,NA,NA,-1.5419998168945312,1
Kayshon Boutte,WR,NE,1,2025,00-0038608,14.874001,16.30000114440918,8,137,0,6,103,0,0,0,0,0,17.125,0.75,12.875,1.4260001444091799,1
Hunter Henry,TE,NE,1,2025,00-0033090,14.4985,10.600000381469727,8,117,0,4,66,0,0,0,0,0,14.625,0.5,8.25,-3.8984996185302734,1
DeMario Douglas,WR,NE,1,2025,00-0038621,13.452001,7.799999713897705,7,22,3,2,-2,1,0,0,0,0,3.142857074737549,0.2857142984867096,-0.2857142984867096,-5.652001286102294,1
TreVeyon Henderson,RB,NE,1,2025,TreVeyon Henderson-NE,11.295000076293945,11.09999942779541,6,-19,NA,NA,NA,NA,5,27,0,0,NA,NA,NA,-0.19500064849853516,1
Stefon Diggs,WR,NE,1,2025,00-0031588,11.2369995,11.699999809265137,7,61,0,6,57,0,0,0,0,0,8.714285850524902,0.8571428656578064,8.142857551574707,0.46300030926513713,1
Rhamondre Stevenson,RB,NE,1,2025,Rhamondre Stevenson-NE,8.138500213623047,4.699999809265137,3,3,NA,NA,NA,NA,7,15,0,1,NA,NA,NA,-3.43850040435791,1
Mack Hollins,WR,NE,1,2025,00-0033555,2.8954997,1.2999999523162842,2,13,0,1,3,0,0,0,0,0,6.5,0.5,1.5,-1.5954997476837156,1
Austin Hooper,TE,NE,1,2025,00-0032392,1.8225,2,1,3,1,1,10,0,0,0,0,0,3,1,10,0.1775,1
Antonio Gibson,RB,NE,1,2025,Antonio Gibson-NE,1.7995001077651978,0.30000001192092896,1,4,NA,NA,NA,NA,1,3,0,0,NA,NA,NA,-1.4995000958442688,1
Kyle Williams,WR,NE,1,2025,00-0040131,1.7655001,2.200000047683716,1,12,0,1,12,0,0,0,0,0,12,1,12,0.4344999476837159,1
Rhamondre Stevenson,RB,NE,2,2025,Rhamondre Stevenson-NE,13.208499908447266,19.200000762939453,5,25,NA,NA,NA,NA,11,54,0,1,NA,NA,NA,5.9915008544921875,1
Stefon Diggs,WR,NE,2,2025,00-0031588,7.0855002,7.199999809265137,5,34,0,4,32,0,0,0,0,0,6.800000190734863,0.800000011920929,6.400000095367432,0.11449960926513647,1
Hunter Henry,TE,NE,2,2025,00-0033090,6.0945,1.9000000953674316,3,12,1,1,9,0,0,0,0,0,4,0.3333333432674408,3,-4.194499904632568,1
Austin Hooper,TE,NE,2,2025,00-0032392,5.13,6.800000190734863,3,28,0,3,38,0,0,0,0,0,9.333333015441895,1,12.666666984558105,1.6700001907348634,1
Mack Hollins,WR,NE,2,2025,00-0033555,4.5955,7.800000190734863,2,16,1,1,8,1,0,0,0,0,8,0.5,4,3.204500190734863,1
TreVeyon Henderson,RB,NE,2,2025,TreVeyon Henderson-NE,4.4695000648498535,6,2,2,NA,NA,NA,NA,3,10,0,0,NA,NA,NA,1.5304999351501465,1
Antonio Gibson,RB,NE,2,2025,Antonio Gibson-NE,4.2855000495910645,3.8000001907348633,1,-4,NA,NA,NA,NA,5,27,0,0,NA,NA,NA,-0.48549985885620117,1
Kayshon Boutte,WR,NE,2,2025,00-0038608,2.4655,8.600000381469727,1,16,1,1,16,1,0,0,0,0,16,1,16,6.134500381469726,1
DeMario Douglas,WR,NE,2,2025,00-0038621,1.3870001,1.7999999523162842,1,5,0,1,8,0,0,0,0,0,5,1,8,0.4129998523162841,1
Chris Olave,WR,NO,1,2025,00-0037239,20.613,12.40000057220459,13,97,1,7,54,0,0,0,0,0,7.461538314819336,0.5384615659713745,4.153846263885498,-8.21299942779541,1
Juwan Johnson,TE,NO,1,2025,00-0036040,18.698,15.600000381469727,11,89,2,8,76,0,0,0,0,0,8.090909004211426,0.7272727489471436,6.909090995788574,-3.097999618530274,1
Rashid Shaheed,WR,NO,1,2025,00-0037545,14.847,9.300000190734863,9,79,1,6,33,0,0,0,0,0,8.777777671813965,0.6666666865348816,3.6666667461395264,-5.546999809265136,1
Alvin Kamara,RB,NO,1,2025,Alvin Kamara-NO,9.256999969482422,13.699999809265137,2,-3,NA,NA,NA,NA,11,45,1,1,NA,NA,NA,4.442999839782715,1
Brandin Cooks,WR,NO,1,2025,00-0031236,5.5365,5.599999904632568,4,18,0,3,26,0,0,0,0,0,4.5,0.75,6.5,0.06349990463256816,1
Devaughn Vele,WR,NO,1,2025,00-0039424,4.9685,2.3000001907348633,2,16,1,1,13,0,0,0,0,0,8,0.5,6.5,-2.6684998092651364,1
Kendre Miller,RB,NO,1,2025,Kendre Miller-NO,2.316999912261963,2.4000000953674316,0,0,NA,NA,NA,NA,5,24,0,0,NA,NA,NA,0.08300018310546875,1
Devin Neal,RB,NO,1,2025,Devin Neal-NO,0.9300000667572021,0.8999999761581421,0,0,NA,NA,NA,NA,2,9,0,0,NA,NA,NA,-0.03000009059906006,1
Alvin Kamara,RB,NO,2,2025,Alvin Kamara-NO,19.458499908447266,18.100000381469727,6,-13,NA,NA,NA,NA,21,100,0,2,NA,NA,NA,-1.358499526977539,1
Chris Olave,WR,NO,2,2025,00-0037239,16.091,11.300000190734863,10,121,1,6,53,0,0,0,0,0,12.100000381469727,0.6000000238418579,5.300000190734863,-4.790999809265138,1
Juwan Johnson,TE,NO,2,2025,00-0036040,14.8005,15.90000057220459,9,55,1,5,49,1,0,0,0,0,6.111111164093018,0.5555555820465088,5.44444465637207,1.0995005722045903,1
Rashid Shaheed,WR,NO,2,2025,00-0037545,10.0775,15.200000762939453,5,56,2,4,52,1,0,0,0,0,11.199999809265137,0.800000011920929,10.399999618530273,5.1225007629394526,1
Kendre Miller,RB,NO,2,2025,Kendre Miller-NO,4.111999988555908,2,1,2,NA,NA,NA,NA,5,8,0,0,NA,NA,NA,-2.111999988555908,1
Devaughn Vele,WR,NO,2,2025,00-0039424,3.3530002,7.300000190734863,1,3,1,1,3,1,0,0,0,0,3,1,3,3.9469999907348634,1
Brandin Cooks,WR,NO,2,2025,00-0031236,2.9535003,4.599999904632568,2,25,0,2,26,0,0,0,0,0,12.5,1,13,1.6464996046325684,1
Malik Nabers,WR,NYG,1,2025,00-0039337,22.546501,12.100000381469727,12,122,3,5,71,0,0,0,0,0,10.166666984558105,0.4166666567325592,5.916666507720947,-10.446500618530273,1
Wan'Dale Robinson,WR,NYG,1,2025,00-0038117,12.653,11.5,8,25,1,6,55,0,0,0,0,0,3.125,0.75,6.875,-1.1530000000000005,1
Tyrone Tracy Jr.,RB,NYG,1,2025,Tyrone Tracy Jr.-NYG,11.085500717163086,5.5,5,-1,NA,NA,NA,NA,10,24,0,0,NA,NA,NA,-5.585500717163086,1
Cam Skattebo,RB,NYG,1,2025,Cam Skattebo-NYG,5.664999961853027,2.9000000953674316,2,1,NA,NA,NA,NA,2,-3,0,1,NA,NA,NA,-2.7649998664855957,1
Theo Johnson,TE,NYG,1,2025,00-0039847,5.4395,1.5,3,-2,1,1,5,0,0,0,0,0,-0.6666666865348816,0.3333333432674408,1.6666666269302368,-3.9395,1
Daniel Bellinger,TE,NYG,1,2025,00-0038115,2.593,2.4000000953674316,1,14,1,1,14,0,0,0,0,0,14,1,14,-0.19299990463256833,1
Darius Slayton,WR,NYG,1,2025,00-0035535,1.7579999,0,1,16,0,0,0,0,0,0,0,0,16,0,0,-1.7579999,1
Devin Singletary,RB,NYG,1,2025,Devin Singletary-NYG,1.2634999752044678,0.9000000357627869,0,0,NA,NA,NA,NA,3,9,0,0,NA,NA,NA,-0.3634999394416809,1
Malik Nabers,WR,NYG,2,2025,00-0039337,24.738,37.70000076293945,13,263,1,9,167,2,0,0,0,0,20.230770111083984,0.692307710647583,12.84615421295166,12.962000762939454,1
Wan'Dale Robinson,WR,NYG,2,2025,00-0038117,17.331501,28.200000762939453,10,162,1,8,142,1,0,0,0,0,16.200000762939453,0.800000011920929,14.199999809265137,10.868499762939454,1
Cam Skattebo,RB,NYG,2,2025,Cam Skattebo-NYG,12.751500129699707,13.899999618530273,3,8,NA,NA,NA,NA,11,45,1,2,NA,NA,NA,1.1484994888305664,1
Tyrone Tracy Jr.,RB,NYG,2,2025,Tyrone Tracy Jr.-NYG,9.16550064086914,9.100000381469727,5,1,NA,NA,NA,NA,5,15,0,0,NA,NA,NA,-0.06550025939941406,1
Theo Johnson,TE,NYG,2,2025,00-0039847,8.8595,7.400000095367432,5,42,2,4,34,0,0,0,0,0,8.399999618530273,0.800000011920929,6.800000190734863,-1.459499904632569,1
Darius Slayton,WR,NYG,2,2025,00-0035535,6.134,8.100000381469727,3,43,1,2,61,0,0,0,0,0,14.333333015441895,0.6666666865348816,20.33333396911621,1.9660003814697262,1
Devin Singletary,RB,NYG,2,2025,Devin Singletary-NYG,1.562999963760376,1,1,-7,NA,NA,NA,NA,1,4,0,0,NA,NA,NA,-0.562999963760376,1
Breece Hall,RB,NYJ,1,2025,Breece Hall-NYJ,14.332500457763672,16.5,4,-13,NA,NA,NA,NA,19,107,0,1,NA,NA,NA,2.167499542236328,1
Garrett Wilson,WR,NYJ,1,2025,00-0037740,13.3115,22.5,9,86,0,7,95,1,0,0,0,0,9.55555534362793,0.7777777910232544,10.55555534362793,9.1885,1
Josh Reynolds,WR,NYJ,1,2025,00-0033943,4.335,3.8000001907348633,3,30,0,2,18,0,0,0,0,0,10,0.6666666865348816,6,-0.5349998092651367,1
Tyler Johnson,WR,NYJ,1,2025,00-0036427,3.049,5.100000381469727,2,20,0,2,31,0,0,0,0,0,10,1,15.5,2.0510003814697266,1
Braelon Allen,RB,NYJ,1,2025,Braelon Allen-NYJ,2.890000104904175,6.900000095367432,0,0,NA,NA,NA,NA,6,9,1,1,NA,NA,NA,4.009999990463257,1
Jeremy Ruckert,TE,NYJ,1,2025,00-0037805,2.8509998,3.5999999046325684,2,14,0,2,16,0,0,0,0,0,7,1,8,0.7490001046325685,1
Mason Taylor,TE,NYJ,1,2025,00-0040736,1.9354999,3,1,18,0,1,20,0,0,0,0,0,18,1,20,1.0645001,1
Isaiah Davis,RB,NYJ,1,2025,Isaiah Davis-NYJ,1.0945000648498535,1.7999999523162842,0,0,NA,NA,NA,NA,2,18,0,0,NA,NA,NA,0.7054998874664307,1
Garrett Wilson,WR,NYJ,2,2025,00-0037740,11.803,9,8,73,0,4,50,0,0,0,0,0,9.125,0.5,6.25,-2.803000000000001,1
Breece Hall,RB,NYJ,2,2025,Breece Hall-NYJ,8.848999977111816,5.800000190734863,3,-2,NA,NA,NA,NA,10,29,0,0,NA,NA,NA,-3.048999786376953,1
Isaiah Davis,RB,NYJ,2,2025,Isaiah Davis-NYJ,5.340000152587891,1.600000023841858,3,25,NA,NA,NA,NA,0,0,0,0,NA,NA,NA,-3.7400001287460327,1
Braelon Allen,RB,NYJ,2,2025,Braelon Allen-NYJ,4.597499847412109,1.100000023841858,1,0,NA,NA,NA,NA,2,11,0,1,NA,NA,NA,-3.4974998235702515,1
Mason Taylor,TE,NYJ,2,2025,00-0040736,3.4275,1.5,2,8,1,1,5,0,0,0,0,0,4,0.5,2.5,-1.9275000000000002,1
Jeremy Ruckert,TE,NYJ,2,2025,00-0037805,3.1445,7.5,1,5,1,1,5,1,0,0,0,0,5,1,5,4.3555,1
Arian Smith,WR,NYJ,2,2025,00-0040582,3.092,1.7999999523162842,2,22,0,1,8,0,0,0,0,0,11,0.5,4,-1.292000047683716,1
Tyler Johnson,WR,NYJ,2,2025,00-0036427,1.7529999,0,1,22,0,0,0,0,0,0,0,0,22,0,0,-1.7529999,1
Saquon Barkley,RB,PHI,1,2025,Saquon Barkley-PHI,21.40399932861328,18.399999618530273,5,-5,NA,NA,NA,NA,18,60,1,4,NA,NA,NA,-3.003999710083008,1
Dallas Goedert,TE,PHI,1,2025,00-0034351,10.811,11.399999618530273,7,34,0,7,44,0,0,0,0,0,4.857142925262451,1,6.285714149475098,0.5889996185302735,1
Jahan Dotson,WR,PHI,1,2025,00-0037741,6.2775,8.899999618530273,3,48,0,3,59,0,0,0,0,0,16,1,19.66666603088379,2.6224996185302736,1
DeVonta Smith,WR,PHI,1,2025,00-0036912,4.359,4.599999904632568,3,4,0,3,16,0,0,0,0,0,1.3333333730697632,1,5.333333492279053,0.24099990463256837,1
Tank Bigsby,RB,PHI,1,2025,Tank Bigsby-PHI,3.198500156402588,1.2000000476837158,0,0,NA,NA,NA,NA,5,12,0,0,NA,NA,NA,-1.998500108718872,1
AJ Dillon,RB,PHI,1,2025,AJ Dillon-PHI,1.8050000667572021,1,0,0,NA,NA,NA,NA,3,10,0,0,NA,NA,NA,-0.8050000667572021,1
Will Shipley,RB,PHI,1,2025,Will Shipley-PHI,1.6540000438690186,2.5999999046325684,0,0,NA,NA,NA,NA,3,26,0,0,NA,NA,NA,0.9459998607635498,1
A.J. Brown,WR,PHI,1,2025,00-0035676,1.5365,1.7999999523162842,1,8,0,1,8,0,0,0,0,0,8,1,8,0.2634999523162842,1
Kylen Granson,TE,PHI,1,2025,00-0036876,1.4764999,1.100000023841858,1,0,0,1,1,0,0,0,0,0,0,1,1,-0.3764998761581422,1
Saquon Barkley,RB,PHI,2,2025,Saquon Barkley-PHI,16.851499557495117,17.399999618530273,2,-9,NA,NA,NA,NA,22,88,1,2,NA,NA,NA,0.54850006103515625,1
A.J. Brown,WR,PHI,2,2025,00-0035676,12.137,7.699999809265137,8,59,0,5,27,0,0,0,0,0,7.375,0.625,3.375,-4.437000190734864,1
DeVonta Smith,WR,PHI,2,2025,00-0036912,11.55,9.300000190734863,6,104,0,4,53,0,0,0,0,0,17.33333396911621,0.6666666865348816,8.833333015441895,-2.2499998092651374,1
Grant Calcaterra,TE,PHI,2,2025,00-0037086,2.988,1.600000023841858,2,9,0,1,6,0,0,0,0,0,4.5,0.5,3,-1.387999976158142,1
AJ Dillon,RB,PHI,2,2025,AJ Dillon-PHI,1.8324999809265137,1.9000000953674316,0,0,NA,NA,NA,NA,3,19,0,0,NA,NA,NA,0.06750011444091797,1
Kylen Granson,TE,PHI,2,2025,00-0036876,1.3995,1.5,1,3,0,1,5,0,0,0,0,0,3,1,5,0.10050000000000003,1
John Metchie III,WR,PHI,2,2025,00-0037614,1.374,1,1,-3,0,1,0,0,0,0,0,0,-3,1,0,-0.3740000000000001,1
Jahan Dotson,WR,PHI,2,2025,00-0037741,1.3084999,1.399999976158142,1,-6,0,1,4,0,0,0,0,0,-6,1,4,0.09150007615814215,1
Jaylen Warren,RB,PIT,1,2025,Jaylen Warren-PIT,12.374999046325684,13.899999618530273,2,3,NA,NA,NA,NA,11,37,0,2,NA,NA,NA,1.5250005722045898,1
Calvin Austin III,WR,PIT,1,2025,00-0037837,11.3220005,17,6,84,1,4,70,1,0,0,0,0,14,0.6666666865348816,11.666666984558105,5.6779995,1
Jonnu Smith,TE,PIT,1,2025,00-0033858,9.8810005,12.5,6,-6,1,5,15,1,0,0,0,0,-1,0.8333333134651184,2.5,2.6189994999999993,1
DK Metcalf,WR,PIT,1,2025,00-0035640,9.705,12.30000114440918,7,28,0,4,83,0,0,0,0,0,4,0.5714285969734192,11.857142448425293,2.5950011444091796,1
Kenneth Gainwell,RB,PIT,1,2025,Kenneth Gainwell-PIT,8.616499900817871,5.300000190734863,4,-10,NA,NA,NA,NA,7,19,0,0,NA,NA,NA,-3.316499710083008,1
Pat Freiermuth,TE,PIT,1,2025,00-0036894,4.493,5.800000190734863,3,20,0,3,28,0,0,0,0,0,6.666666507720947,1,9.333333015441895,1.307000190734863,1
Ben Skowronek,WR,PIT,1,2025,00-0036862,1.527,9.199999809265137,1,9,0,1,22,1,0,0,0,0,9,1,22,7.672999809265137,1
Kaleb Johnson,RB,PIT,1,2025,Kaleb Johnson-PIT,0.4435000419616699,-0.20000000298023224,0,0,NA,NA,NA,NA,1,-2,0,0,NA,NA,NA,-0.6435000449419022,1
Jaylen Warren,RB,PIT,2,2025,Jaylen Warren-PIT,13.83899974822998,17.400001525878906,4,0,NA,NA,NA,NA,14,48,0,2,NA,NA,NA,3.561001777648926,1
DK Metcalf,WR,PIT,2,2025,00-0035640,10.575,11,6,45,1,3,20,1,0,0,0,0,7.5,0.5,3.3333332538604736,0.4250000000000007,1
Kenneth Gainwell,RB,PIT,2,2025,Kenneth Gainwell-PIT,9.851499557495117,6.599999904632568,5,-1,NA,NA,NA,NA,5,20,0,1,NA,NA,NA,-3.251499652862549,1
Pat Freiermuth,TE,PIT,2,2025,00-0036894,8.275,6.099999904632568,4,30,1,3,31,0,0,0,0,0,7.5,0.75,7.75,-2.175000095367432,1
Calvin Austin III,WR,PIT,2,2025,00-0037837,7.23,3.200000047683716,4,89,0,1,22,0,0,0,0,0,22.25,0.25,5.5,-4.029999952316285,1
Jonnu Smith,TE,PIT,2,2025,00-0033858,5.495,6.699999809265137,4,2,0,4,27,0,0,0,0,0,0.5,1,6.75,1.2049998092651366,1
Roman Wilson,WR,PIT,2,2025,00-0039739,3.217,1.7000000476837158,2,23,0,1,7,0,0,0,0,0,11.5,0.5,3.5,-1.5169999523162843,1
Connor Heyward,TE,PIT,2,2025,00-0037304,1.5875,1.600000023841858,1,5,0,1,6,0,0,0,0,0,5,1,6,0.012500023841857999,1
Darnell Washington,TE,PIT,2,2025,00-0038558,1.557,0,1,9,0,0,0,0,0,0,0,0,9,0,0,-1.557,1
Kaleb Johnson,RB,PIT,2,2025,Kaleb Johnson-PIT,0.4880000054836273,0.10000000149011612,0,0,NA,NA,NA,NA,1,1,0,0,NA,NA,NA,-0.3880000039935112,1
Jaxon Smith-Njigba,WR,SEA,1,2025,00-0038543,21.1215,21.400001525878906,13,178,0,9,124,0,0,0,0,0,13.692307472229004,0.692307710647583,9.538461685180664,0.2785015258789052,1
Kenneth Walker III,RB,SEA,1,2025,Kenneth Walker III-SEA,10.260000228881836,5.400000095367432,3,-9,NA,NA,NA,NA,10,20,0,1,NA,NA,NA,-4.860000133514404,1
Zach Charbonnet,RB,SEA,1,2025,Zach Charbonnet-SEA,9.581999778747559,10.699999809265137,0,0,NA,NA,NA,NA,12,47,1,3,NA,NA,NA,1.1180000305175781,1
Cooper Kupp,WR,SEA,1,2025,00-0033908,4.181,3.5,3,20,0,2,15,0,0,0,0,0,6.666666507720947,0.6666666865348816,5,-0.681,1
AJ Barner,TE,SEA,1,2025,00-0039793,2.7814999,1,2,3,0,1,0,0,0,0,0,0,1.5,0.5,0,-1.7814999,1
Elijah Arroyo,TE,SEA,1,2025,00-0040739,1.529,1.7000000476837158,1,5,0,1,7,0,0,0,0,0,5,1,7,0.1710000476837159,1
Jaxon Smith-Njigba,WR,SEA,2,2025,00-0038543,14.416,18.30000114440918,10,103,0,8,103,0,0,0,0,0,10.300000190734863,0.800000011920929,10.300000190734863,3.8840011444091793,1
Cooper Kupp,WR,SEA,2,2025,00-0033908,12.8535,16,9,60,0,7,90,0,0,0,0,0,6.666666507720947,0.7777777910232544,10,3.1464999999999996,1
Kenneth Walker III,RB,SEA,2,2025,Kenneth Walker III-SEA,8.249000549316406,18.799999237060547,1,0,NA,NA,NA,NA,13,105,1,0,NA,NA,NA,10.55099868774414,1
Zach Charbonnet,RB,SEA,2,2025,Zach Charbonnet-SEA,7.488500118255615,1,0,0,NA,NA,NA,NA,15,10,0,1,NA,NA,NA,-6.488500118255615,1
Tory Horton,WR,SEA,2,2025,00-0040648,6.9589996,11.200000762939453,4,79,0,2,32,1,0,0,0,0,19.75,0.5,8,4.241001162939453,1
AJ Barner,TE,SEA,2,2025,00-0039793,5.6914997,10.600000381469727,3,-1,1,2,26,1,0,0,0,0,-0.3333333432674408,0.6666666865348816,8.666666984558105,4.908500681469727,1
Elijah Arroyo,TE,SEA,2,2025,00-0040739,4.172,5.100000381469727,3,6,1,2,31,0,0,0,0,0,2,0.6666666865348816,10.333333015441895,0.9280003814697269,1
Christian McCaffrey,RB,SF,1,2025,Christian McCaffrey-SF,30.56800079345703,23.19999885559082,10,20,NA,NA,NA,NA,22,69,0,3,NA,NA,NA,-7.368001937866211,1
Ricky Pearsall,WR,SF,1,2025,00-0039916,15.062,14.800000190734863,7,136,2,4,108,0,0,0,0,0,19.428571701049805,0.5714285969734192,15.428571701049805,-0.2619998092651361,1
Jauan Jennings,WR,SF,1,2025,00-0036259,10.8895,3.5999999046325684,5,42,2,2,16,0,0,0,0,0,8.399999618530273,0.4000000059604645,3.200000047683716,-7.289500095367432,1
George Kittle,TE,SF,1,2025,00-0033288,7.898,12.5,4,22,1,4,25,1,0,0,0,0,5.5,1,6.25,4.602,1
Brian Robinson,RB,SF,1,2025,Brian Robinson-SF,7.163000106811523,4.700000286102295,2,0,NA,NA,NA,NA,9,33,0,0,NA,NA,NA,-2.4629998207092285,1
Jake Tonges,TE,SF,1,2025,00-0037112,6.4265,10.5,3,9,2,3,15,1,0,0,0,0,3,1,5,4.0735,1
Kyle Juszczyk,RB,SF,1,2025,Kyle Juszczyk-SF,3.802000045776367,5.199999809265137,2,22,NA,NA,NA,NA,0,0,0,0,NA,NA,NA,1.3979997634887695,1
Luke Farrell,TE,SF,1,2025,00-0036887,1.2815,1.399999976158142,1,4,0,1,4,0,0,0,0,0,4,1,4,0.118499976158142,1
Christian McCaffrey,RB,SF,2,2025,Christian McCaffrey-SF,18.0625,22.700000762939453,7,22,NA,NA,NA,NA,13,55,0,0,NA,NA,NA,4.637500762939453,1
Jauan Jennings,WR,SF,2,2025,00-0036259,15.2895,19.900001525878906,10,91,0,5,89,1,0,0,0,0,9.100000381469727,0.5,8.899999618530273,4.610501525878906,1
Ricky Pearsall,WR,SF,2,2025,00-0039916,10.868,9.600000381469727,6,99,0,4,56,0,0,0,0,0,16.5,0.6666666865348816,9.333333015441895,-1.2679996185302738,1
Jake Tonges,TE,SF,2,2025,00-0037112,7.0305,7.099999904632568,5,7,0,4,31,0,0,0,0,0,1.399999976158142,0.800000011920929,6.199999809265137,0.06949990463256839,1
Luke Farrell,TE,SF,2,2025,00-0036887,5.3355,9.5,3,-3,1,2,15,1,0,0,0,0,-1,0.6666666865348816,5,4.1645,1
Brian Robinson,RB,SF,2,2025,Brian Robinson-SF,4.393499851226807,2.9000000953674316,1,-6,NA,NA,NA,NA,6,20,0,0,NA,NA,NA,-1.493499755859375,1
Kendrick Bourne,WR,SF,2,2025,00-0033307,4.2980003,6.199999809265137,3,23,0,3,32,0,0,0,0,0,7.666666507720947,1,10.666666984558105,1.9019995092651367,1
Marquez Valdes-Scantling,WR,SF,2,2025,00-0034272,1.915,0,1,16,0,0,0,0,0,0,0,0,16,0,0,-1.915,1
Kyle Juszczyk,RB,SF,2,2025,Kyle Juszczyk-SF,1.3969999551773071,1.5,1,3,NA,NA,NA,NA,0,0,0,0,NA,NA,NA,0.10300004482269287,1
Brayden Willis,TE,SF,2,2025,00-0038643,1.348,0,1,2,0,0,0,0,0,0,0,0,2,0,0,-1.348,1
Mike Evans,WR,TB,1,2025,00-0031408,13.9695,10.100000381469727,8,106,0,5,51,0,0,0,0,0,13.25,0.625,6.375,-3.8694996185302735,1
Bucky Irving,RB,TB,1,2025,Bucky Irving-TB,13.355999946594238,14.5,4,-5,NA,NA,NA,NA,14,37,0,1,NA,NA,NA,1.1440000534057617,1
Emeka Egbuka,WR,TB,1,2025,00-0040129,11.243,22.700000762939453,6,71,0,4,67,2,0,0,0,0,11.833333015441895,0.6666666865348816,11.166666984558105,11.457000762939453,1
Sterling Shepard,WR,TB,1,2025,00-0032385,10.172,6.900000095367432,6,86,0,3,39,0,0,0,0,0,14.333333015441895,0.5,6.5,-3.271999904632569,1
Cade Otton,TE,TB,1,2025,00-0038129,4.719,0,3,37,0,0,0,0,0,0,0,0,12.333333015441895,0,0,-4.719,1
Rachaad White,RB,TB,1,2025,Rachaad White-TB,2.819999933242798,2.6000001430511475,1,-3,NA,NA,NA,NA,2,14,0,0,NA,NA,NA,-0.2199997901916504,1
Ryan Miller,WR,TB,1,2025,00-0038824,1.7264999,0,1,15,0,0,0,0,0,0,0,0,15,0,0,-1.7264999,1
Tez Johnson,WR,TB,1,2025,00-0040237,1.603,0,1,5,0,0,0,0,0,0,0,0,5,0,0,-1.603,1
Sean Tucker,RB,TB,1,2025,Sean Tucker-TB,0.4505000114440918,0.20000000298023224,0,0,NA,NA,NA,NA,1,2,0,0,NA,NA,NA,-0.25050000846385956,1
Mike Evans,WR,TB,2,2025,00-0031408,18.855501,10.600000381469727,11,162,3,5,56,0,0,0,0,0,14.727272987365723,0.4545454680919647,5.090909004211426,-8.255500618530274,1
Bucky Irving,RB,TB,2,2025,Bucky Irving-TB,15.840499877929688,18.100000381469727,6,-13,NA,NA,NA,NA,17,71,0,0,NA,NA,NA,2.259500503540039,1
Emeka Egbuka,WR,TB,2,2025,00-0040129,12.6055,12.899999618530273,7,81,2,4,29,1,0,0,0,0,11.571428298950195,0.5714285969734192,4.142857074737549,0.2944996185302742,1
Rachaad White,RB,TB,2,2025,Rachaad White-TB,9.10949993133545,14.600000381469727,2,-6,NA,NA,NA,NA,10,65,1,1,NA,NA,NA,5.490500450134277,1
Cade Otton,TE,TB,2,2025,00-0038129,6.8255,5.5,4,16,1,3,25,0,0,0,0,0,4,0.75,6.25,-1.3255,1
Sterling Shepard,WR,TB,2,2025,00-0032385,5.9760003,7.400000095367432,4,29,0,4,34,0,0,0,0,0,7.25,1,8.5,1.4239997953674317,1
Ryan Miller,WR,TB,2,2025,00-0038824,2.765,9,1,20,1,1,20,1,0,0,0,0,20,1,20,6.234999999999999,1
Payne Durham,TE,TB,2,2025,00-0039050,1.5695,0,1,5,0,0,0,0,0,0,0,0,5,0,0,-1.5695,1
Calvin Ridley,WR,TEN,1,2025,00-0034837,11.68,6.699999809265137,8,69,0,4,27,0,0,0,0,0,8.625,0.5,3.375,-4.980000190734863,1
Elic Ayomanor,WR,TEN,1,2025,00-0040170,11.407,3.299999952316284,7,133,0,2,13,0,0,0,0,0,19,0.2857142984867096,1.8571428060531616,-8.107000047683716,1
Tony Pollard,RB,TEN,1,2025,Tony Pollard-TEN,9.95199966430664,9.899999618530273,1,-1,NA,NA,NA,NA,18,60,0,1,NA,NA,NA,-0.05200004577636719,1
Chig Okonkwo,TE,TEN,1,2025,00-0037809,5.618,4.900000095367432,4,15,0,3,19,0,0,0,0,0,3.75,0.75,4.75,-0.7179999046325687,1
Gunnar Helm,TE,TEN,1,2025,00-0040584,3.4680002,2.5999999046325684,2,32,0,1,16,0,0,0,0,0,16,0.5,8,-0.8680002953674317,1
Julius Chestnut,RB,TEN,1,2025,Julius Chestnut-TEN,2.1514999866485596,0.20000000298023224,0,0,NA,NA,NA,NA,2,2,0,1,NA,NA,NA,-1.9514999836683273,1
Tyler Lockett,WR,TEN,1,2025,00-0032211,1.791,0,1,16,0,0,0,0,0,0,0,0,16,0,0,-1.791,1
Chimere Dike,WR,TEN,1,2025,00-0040705,1.7264999,0,1,20,0,0,0,0,0,0,0,0,20,0,0,-1.7264999,1
Bryce Oliver,WR,TEN,1,2025,00-0039650,1.4390001,1.7999999523162842,1,6,0,1,8,0,0,0,0,0,6,1,8,0.3609998523162843,1
Calvin Ridley,WR,TEN,2,2025,00-0034837,10.2395,8.700000762939453,6,71,1,3,57,0,0,0,0,0,11.833333015441895,0.5,9.5,-1.5394992370605465,1
Tony Pollard,RB,TEN,2,2025,Tony Pollard-TEN,10.160500526428223,9.199999809265137,1,-3,NA,NA,NA,NA,20,92,0,0,NA,NA,NA,-0.9605007171630859,1
Elic Ayomanor,WR,TEN,2,2025,00-0040170,9.927,15.600000381469727,6,69,1,4,56,1,0,0,0,0,11.5,0.6666666865348816,9.333333015441895,5.673000381469727,1
Chig Okonkwo,TE,TEN,2,2025,00-0037809,8.431,7.5,6,15,0,4,35,0,0,0,0,0,2.5,0.6666666865348816,5.833333492279053,-0.9309999999999992,1
Chimere Dike,WR,TEN,2,2025,00-0040705,8.343,1.899999976158142,5,38,3,2,-1,0,0,0,0,0,7.599999904632568,0.4000000059604645,-0.20000000298023224,-6.443000023841858,1
Tyler Lockett,WR,TEN,2,2025,00-0032211,3.9625,2.9000000953674316,3,11,0,2,9,0,0,0,0,0,3.6666667461395264,0.6666666865348816,3,-1.0624999046325683,1
Van Jefferson,WR,TEN,2,2025,00-0036415,2.6505,3,2,9,0,2,10,0,0,0,0,0,4.5,1,5,0.3494999999999999,1
Gunnar Helm,TE,TEN,2,2025,00-0040584,2.637,2.9000000953674316,2,-1,0,2,9,0,0,0,0,0,-0.5,1,4.5,0.26300009536743163,1
Deebo Samuel Sr.,WR,WAS,1,2025,00-0035719,17.739,14.700000762939453,10,80,0,7,77,0,0,0,0,0,8,0.699999988079071,7.699999809265137,-3.0389992370605476,1
Zach Ertz,TE,WAS,1,2025,00-0030061,9.6475,11.59999942779541,5,42,1,3,26,1,0,0,0,0,8.399999618530273,0.6000000238418579,5.199999809265137,1.9524994277954093,1
Austin Ekeler,RB,WAS,1,2025,Austin Ekeler-WAS,8.411499977111816,8.700000762939453,3,-7,NA,NA,NA,NA,6,26,0,0,NA,NA,NA,0.2885007858276367,1
Terry McLaurin,WR,WAS,1,2025,00-0035659,7.898,4.700000286102295,4,77,0,2,27,0,0,0,0,0,19.25,0.5,6.75,-3.1979997138977048,1
Jacory Croskey-Merritt,RB,WAS,1,2025,Jacory Croskey-Merritt-WAS,7.88700008392334,14.200000762939453,1,-5,NA,NA,NA,NA,10,82,1,1,NA,NA,NA,6.313000679016113,1
Noah Brown,WR,WAS,1,2025,00-0033591,6.559,4.700000286102295,3,34,1,2,27,0,0,0,0,0,11.333333015441895,0.6666666865348816,9,-1.8589997138977052,1
Jaylin Lane,WR,WAS,1,2025,00-0040164,3.323,2.0999999046325684,2,20,0,1,11,0,0,0,0,0,10,0.5,5.5,-1.2230000953674316,1
Jeremy McNichols,RB,WAS,1,2025,Jeremy McNichols-WAS,2.2139999866485596,2.5,0,0,NA,NA,NA,NA,4,25,0,0,NA,NA,NA,0.28600001335144043,1
Chris Moore,WR,WAS,1,2025,00-0032398,2.0805,4.400000095367432,1,34,0,1,34,0,0,0,0,0,34,1,34,2.319500095367432,1
Terry McLaurin,WR,WAS,2,2025,00-0035659,15.851,9.800000190734863,9,110,1,5,48,0,0,0,0,0,12.222222328186035,0.5555555820465088,5.333333492279053,-6.050999809265138,1
Zach Ertz,TE,WAS,2,2025,00-0030061,12.7855,18.399999618530273,8,45,1,6,64,1,0,0,0,0,5.625,0.75,8,5.614499618530273,1
Deebo Samuel Sr.,WR,WAS,2,2025,00-0035719,12.709,17.399999618530273,8,5,1,7,44,1,0,0,0,0,0.625,0.875,5.5,4.690999618530274,1
Austin Ekeler,RB,WAS,2,2025,Austin Ekeler-WAS,10.302999496459961,4.399999618530273,4,19,NA,NA,NA,NA,8,17,0,0,NA,NA,NA,-5.9029998779296875,1
Noah Brown,WR,WAS,2,2025,00-0033591,6.8619995,1.9000000953674316,4,62,0,1,9,0,0,0,0,0,15.5,0.25,2.25,-4.961999404632568,1
Jaylin Lane,WR,WAS,2,2025,00-0040164,5.3095,1.2000000476837158,4,16,0,1,2,0,0,0,0,0,4,0.25,0.5,-4.109499952316284,1
Jacory Croskey-Merritt,RB,WAS,2,2025,Jacory Croskey-Merritt-WAS,3.441999912261963,1.7000000476837158,1,6,NA,NA,NA,NA,4,17,0,0,NA,NA,NA,-1.741999864578247,1
Ben Sinnott,TE,WAS,2,2025,00-0039912,1.5825,1.7000000476837158,1,7,0,1,7,0,0,0,0,0,7,1,7,0.1175000476837158,1
Luke McCaffrey,WR,WAS,2,2025,00-0039355,1.5775,2.9000000953674316,1,17,0,1,19,0,0,0,0,0,17,1,19,1.3225000953674317,1
